subscription_id,date,account_id,account_name,plan,seats,mrr,cost,region
SUB-40000,2024-01-22,ACC-2113,Patel Labs,Pro,7,693,242.55,APAC
SUB-40001,2024-01-22,ACC-2061,Brooks Inc,Pro,9,891,311.85,LATAM
SUB-40002,2024-01-07,ACC-2047,Rossi Labs,Pro,19,1881,658.35,North America
SUB-40003,2024-01-21,ACC-2059,Haddad Group,Starter,13,377,131.95,North America
SUB-40004,2024-01-01,ACC-2001,Cohen Digital,Starter,5,145,50.75,North America
SUB-40005,2024-01-05,ACC-2055,Garcia Co,Pro,17,1683,589.05,LATAM
SUB-40006,2024-01-19,ACC-2103,Silva Labs,Starter,2,58,20.3,LATAM
SUB-40007,2024-01-09,ACC-2019,Haddad Co,Enterprise,14,11186,3915.1,LATAM
SUB-40008,2024-01-24,ACC-2002,Haddad Group,Starter,9,261,91.35,APAC
SUB-40009,2024-01-26,ACC-2017,Haddad Co,Enterprise,7,5593,1957.55,APAC
SUB-40010,2024-01-26,ACC-2019,Haddad Co,Pro,3,297,103.95,APAC
SUB-40011,2024-01-12,ACC-2067,Patel Group,Enterprise,6,4794,1677.9,LATAM
SUB-40012,2024-01-20,ACC-2069,Reyes Group,Enterprise,11,8789,3076.15,North America
SUB-40013,2024-01-23,ACC-2003,Okafor Systems,Enterprise,18,14382,5033.7,North America
SUB-40014,2024-01-25,ACC-2108,Kim Co,Starter,19,551,192.85,Europe
SUB-40015,2024-01-13,ACC-2003,Okafor Systems,Enterprise,13,10387,3635.45,APAC
SUB-40016,2024-01-05,ACC-2079,Haddad Systems,Business,11,2739,958.65,LATAM
SUB-40017,2024-01-02,ACC-2106,Tanaka Systems,Enterprise,18,14382,5033.7,Europe
SUB-40018,2024-01-07,ACC-2118,Tanaka Co,Starter,4,116,40.6,North America
SUB-40019,2024-01-12,ACC-2119,Cohen Systems,Starter,12,348,121.8,APAC
SUB-40020,2024-01-13,ACC-2063,Silva Systems,Starter,11,319,111.65,LATAM
SUB-40021,2024-01-13,ACC-2000,Reyes Group,Enterprise,8,6392,2237.2,APAC
SUB-40022,2024-01-23,ACC-2070,Kim Co,Pro,9,891,311.85,LATAM
SUB-40023,2024-01-08,ACC-2083,Silva Co,Enterprise,3,2397,838.95,LATAM
SUB-40024,2024-01-02,ACC-2044,Rossi Co,Starter,16,464,162.4,LATAM
SUB-40025,2024-01-13,ACC-2025,Silva Group,Enterprise,15,11985,4194.75,APAC
SUB-40026,2024-01-11,ACC-2083,Silva Co,Enterprise,8,6392,2237.2,Europe
SUB-40027,2024-01-19,ACC-2108,Kim Co,Pro,6,594,207.9,APAC
SUB-40028,2024-01-21,ACC-2001,Cohen Digital,Business,17,4233,1481.55,APAC
SUB-40029,2024-01-07,ACC-2104,Cohen Labs,Enterprise,9,7191,2516.85,APAC
SUB-40030,2024-01-17,ACC-2102,Haddad Inc,Enterprise,16,12784,4474.4,Europe
SUB-40031,2024-01-20,ACC-2069,Reyes Group,Pro,2,198,69.3,APAC
SUB-40032,2024-01-21,ACC-2074,Silva Digital,Pro,6,594,207.9,Europe
SUB-40033,2024-01-09,ACC-2113,Patel Labs,Business,5,1245,435.75,North America
SUB-40034,2024-01-09,ACC-2019,Haddad Co,Enterprise,13,10387,3635.45,Europe
SUB-40035,2024-01-11,ACC-2053,Tanaka Systems,Starter,5,145,50.75,LATAM
SUB-40036,2024-01-01,ACC-2058,Haddad Group,Business,1,249,87.15,North America
SUB-40037,2024-01-24,ACC-2057,Patel Digital,Enterprise,5,3995,1398.25,Europe
SUB-40038,2024-01-26,ACC-2071,Brooks Digital,Enterprise,17,13583,4754.05,APAC
SUB-40039,2024-01-16,ACC-2053,Tanaka Systems,Starter,11,319,111.65,Europe
SUB-40040,2024-01-08,ACC-2118,Tanaka Co,Business,7,1743,610.05,Europe
SUB-40041,2024-01-22,ACC-2105,Nguyen Co,Business,16,3984,1394.4,North America
SUB-40042,2024-01-12,ACC-2109,Okafor Co,Enterprise,6,4794,1677.9,LATAM
SUB-40043,2024-01-16,ACC-2002,Haddad Group,Pro,9,891,311.85,North America
SUB-40044,2024-01-13,ACC-2013,Kim Co,Business,11,2739,958.65,Europe
SUB-40045,2024-01-15,ACC-2096,Haddad Inc,Pro,14,1386,485.1,LATAM
SUB-40046,2024-01-13,ACC-2016,Kim Group,Business,14,3486,1220.1,Europe
SUB-40047,2024-01-27,ACC-2016,Kim Group,Starter,12,348,121.8,Europe
SUB-40048,2024-01-18,ACC-2108,Kim Co,Starter,16,464,162.4,LATAM
SUB-40049,2024-01-02,ACC-2085,Haddad Group,Pro,14,1386,485.1,APAC
SUB-40050,2024-01-08,ACC-2038,Kim Labs,Business,16,3984,1394.4,LATAM
SUB-40051,2024-01-06,ACC-2051,Rossi Labs,Starter,6,174,60.9,LATAM
SUB-40052,2024-01-25,ACC-2077,Reyes Co,Business,19,4731,1655.85,APAC
SUB-40053,2024-01-20,ACC-2047,Rossi Labs,Starter,1,29,10.15,APAC
SUB-40054,2024-01-18,ACC-2075,Brooks Group,Enterprise,6,4794,1677.9,LATAM
SUB-40055,2024-01-20,ACC-2105,Nguyen Co,Enterprise,16,12784,4474.4,Europe
SUB-40056,2024-01-05,ACC-2006,Silva Inc,Business,1,249,87.15,APAC
SUB-40057,2024-01-10,ACC-2050,Tanaka Digital,Business,14,3486,1220.1,North America
SUB-40058,2024-01-01,ACC-2070,Kim Co,Business,12,2988,1045.8,Europe
SUB-40059,2024-01-07,ACC-2102,Haddad Inc,Business,4,996,348.6,LATAM
SUB-40060,2024-01-11,ACC-2015,Haddad Inc,Enterprise,8,6392,2237.2,Europe
SUB-40061,2024-01-05,ACC-2011,Reyes Labs,Starter,5,145,50.75,North America
SUB-40062,2024-01-20,ACC-2022,Rossi Labs,Pro,1,99,34.65,Europe
SUB-40063,2024-01-22,ACC-2077,Reyes Co,Enterprise,14,11186,3915.1,LATAM
SUB-40064,2024-01-27,ACC-2065,Patel Group,Pro,20,1980,693,Europe
SUB-40065,2024-01-11,ACC-2074,Silva Digital,Starter,3,87,30.45,LATAM
SUB-40066,2024-01-26,ACC-2061,Brooks Inc,Business,15,3735,1307.25,North America
SUB-40067,2024-01-11,ACC-2109,Okafor Co,Business,13,3237,1132.95,LATAM
SUB-40068,2024-01-08,ACC-2032,Silva Labs,Business,15,3735,1307.25,LATAM
SUB-40069,2024-01-18,ACC-2025,Silva Group,Business,13,3237,1132.95,Europe
SUB-40070,2024-01-07,ACC-2066,Kim Co,Business,10,2490,871.5,North America
SUB-40071,2024-01-09,ACC-2094,Reyes Group,Pro,19,1881,658.35,LATAM
SUB-40072,2024-01-11,ACC-2068,Kim Inc,Starter,7,203,71.05,LATAM
SUB-40073,2024-01-22,ACC-2104,Cohen Labs,Starter,9,261,91.35,Europe
SUB-40074,2024-01-08,ACC-2111,Nguyen Group,Pro,11,1089,381.15,Europe
SUB-40075,2024-02-17,ACC-2030,Kim Inc,Starter,20,580,203,Europe
SUB-40076,2024-02-11,ACC-2065,Patel Group,Enterprise,1,799,279.65,APAC
SUB-40077,2024-02-05,ACC-2067,Patel Group,Business,1,249,87.15,Europe
SUB-40078,2024-02-24,ACC-2042,Silva Inc,Business,11,2739,958.65,LATAM
SUB-40079,2024-02-26,ACC-2098,Haddad Group,Pro,18,1782,623.7,APAC
SUB-40080,2024-02-22,ACC-2021,Patel Group,Pro,1,99,34.65,APAC
SUB-40081,2024-02-25,ACC-2096,Haddad Inc,Enterprise,1,799,279.65,Europe
SUB-40082,2024-02-07,ACC-2019,Haddad Co,Enterprise,18,14382,5033.7,Europe
SUB-40083,2024-02-16,ACC-2044,Rossi Co,Enterprise,3,2397,838.95,North America
SUB-40084,2024-02-05,ACC-2008,Kim Systems,Starter,8,232,81.2,LATAM
SUB-40085,2024-02-26,ACC-2110,Okafor Labs,Pro,7,693,242.55,Europe
SUB-40086,2024-02-07,ACC-2062,Brooks Co,Starter,2,58,20.3,APAC
SUB-40087,2024-02-18,ACC-2043,Kim Labs,Starter,7,203,71.05,Europe
SUB-40088,2024-02-23,ACC-2097,Haddad Labs,Starter,4,116,40.6,APAC
SUB-40089,2024-02-27,ACC-2082,Okafor Digital,Starter,16,464,162.4,North America
SUB-40090,2024-02-04,ACC-2035,Kim Systems,Enterprise,13,10387,3635.45,APAC
SUB-40091,2024-02-08,ACC-2022,Rossi Labs,Pro,11,1089,381.15,Europe
SUB-40092,2024-02-12,ACC-2027,Okafor Digital,Starter,1,29,10.15,APAC
SUB-40093,2024-02-20,ACC-2029,Nguyen Inc,Starter,5,145,50.75,Europe
SUB-40094,2024-02-11,ACC-2094,Reyes Group,Enterprise,14,11186,3915.1,Europe
SUB-40095,2024-02-24,ACC-2076,Cohen Group,Pro,14,1386,485.1,LATAM
SUB-40096,2024-02-14,ACC-2093,Garcia Systems,Starter,15,435,152.25,Europe
SUB-40097,2024-02-24,ACC-2069,Reyes Group,Starter,2,58,20.3,APAC
SUB-40098,2024-02-18,ACC-2092,Tanaka Group,Starter,11,319,111.65,LATAM
SUB-40099,2024-02-11,ACC-2030,Kim Inc,Enterprise,16,12784,4474.4,North America
SUB-40100,2024-02-16,ACC-2037,Okafor Group,Starter,3,87,30.45,APAC
SUB-40101,2024-02-26,ACC-2113,Patel Labs,Starter,3,87,30.45,LATAM
SUB-40102,2024-02-21,ACC-2003,Okafor Systems,Business,5,1245,435.75,Europe
SUB-40103,2024-02-26,ACC-2111,Nguyen Group,Starter,20,580,203,Europe
SUB-40104,2024-02-14,ACC-2030,Kim Inc,Starter,19,551,192.85,LATAM
SUB-40105,2024-02-20,ACC-2072,Nguyen Group,Enterprise,15,11985,4194.75,North America
SUB-40106,2024-02-24,ACC-2077,Reyes Co,Business,4,996,348.6,LATAM
SUB-40107,2024-02-23,ACC-2085,Haddad Group,Pro,6,594,207.9,Europe
SUB-40108,2024-02-05,ACC-2073,Haddad Inc,Business,3,747,261.45,North America
SUB-40109,2024-02-05,ACC-2104,Cohen Labs,Business,3,747,261.45,North America
SUB-40110,2024-02-03,ACC-2097,Haddad Labs,Business,10,2490,871.5,Europe
SUB-40111,2024-02-01,ACC-2041,Kim Inc,Pro,6,594,207.9,LATAM
SUB-40112,2024-02-14,ACC-2027,Okafor Digital,Starter,19,551,192.85,Europe
SUB-40113,2024-02-17,ACC-2090,Okafor Co,Enterprise,10,7990,2796.5,North America
SUB-40114,2024-02-17,ACC-2059,Haddad Group,Starter,8,232,81.2,Europe
SUB-40115,2024-02-10,ACC-2114,Haddad Labs,Business,18,4482,1568.7,Europe
SUB-40116,2024-02-19,ACC-2043,Kim Labs,Pro,14,1386,485.1,Europe
SUB-40117,2024-02-12,ACC-2017,Haddad Co,Pro,11,1089,381.15,Europe
SUB-40118,2024-02-05,ACC-2098,Haddad Group,Starter,12,348,121.8,Europe
SUB-40119,2024-02-17,ACC-2113,Patel Labs,Pro,2,198,69.3,APAC
SUB-40120,2024-02-25,ACC-2056,Silva Group,Pro,16,1584,554.4,APAC
SUB-40121,2024-02-23,ACC-2008,Kim Systems,Starter,5,145,50.75,APAC
SUB-40122,2024-02-15,ACC-2055,Garcia Co,Starter,6,174,60.9,LATAM
SUB-40123,2024-02-08,ACC-2086,Brooks Inc,Pro,4,396,138.6,APAC
SUB-40124,2024-02-14,ACC-2067,Patel Group,Enterprise,3,2397,838.95,APAC
SUB-40125,2024-02-11,ACC-2079,Haddad Systems,Enterprise,2,1598,559.3,LATAM
SUB-40126,2024-02-24,ACC-2113,Patel Labs,Enterprise,3,2397,838.95,LATAM
SUB-40127,2024-02-17,ACC-2049,Okafor Systems,Business,19,4731,1655.85,APAC
SUB-40128,2024-02-20,ACC-2083,Silva Co,Enterprise,8,6392,2237.2,North America
SUB-40129,2024-02-14,ACC-2087,Cohen Systems,Pro,12,1188,415.8,LATAM
SUB-40130,2024-02-16,ACC-2003,Okafor Systems,Enterprise,15,11985,4194.75,Europe
SUB-40131,2024-02-24,ACC-2017,Haddad Co,Enterprise,8,6392,2237.2,LATAM
SUB-40132,2024-02-21,ACC-2008,Kim Systems,Starter,18,522,182.7,APAC
SUB-40133,2024-02-26,ACC-2102,Haddad Inc,Business,5,1245,435.75,APAC
SUB-40134,2024-02-17,ACC-2012,Okafor Group,Pro,13,1287,450.45,LATAM
SUB-40135,2024-02-03,ACC-2103,Silva Labs,Starter,16,464,162.4,North America
SUB-40136,2024-02-02,ACC-2094,Reyes Group,Enterprise,14,11186,3915.1,APAC
SUB-40137,2024-02-04,ACC-2013,Kim Co,Enterprise,5,3995,1398.25,Europe
SUB-40138,2024-02-16,ACC-2007,Silva Labs,Business,16,3984,1394.4,LATAM
SUB-40139,2024-02-20,ACC-2111,Nguyen Group,Starter,14,406,142.1,LATAM
SUB-40140,2024-02-15,ACC-2043,Kim Labs,Enterprise,20,15980,5593,North America
SUB-40141,2024-02-23,ACC-2054,Kim Co,Pro,2,198,69.3,LATAM
SUB-40142,2024-02-27,ACC-2045,Cohen Systems,Starter,5,145,50.75,Europe
SUB-40143,2024-02-12,ACC-2020,Cohen Inc,Pro,17,1683,589.05,North America
SUB-40144,2024-02-08,ACC-2019,Haddad Co,Starter,8,232,81.2,North America
SUB-40145,2024-03-14,ACC-2093,Garcia Systems,Enterprise,5,3995,1398.25,North America
SUB-40146,2024-03-07,ACC-2077,Reyes Co,Business,2,498,174.3,North America
SUB-40147,2024-03-27,ACC-2013,Kim Co,Enterprise,20,15980,5593,LATAM
SUB-40148,2024-03-11,ACC-2119,Cohen Systems,Enterprise,15,11985,4194.75,North America
SUB-40149,2024-03-08,ACC-2117,Patel Group,Business,7,1743,610.05,LATAM
SUB-40150,2024-03-26,ACC-2086,Brooks Inc,Enterprise,16,12784,4474.4,APAC
SUB-40151,2024-03-01,ACC-2109,Okafor Co,Starter,12,348,121.8,North America
SUB-40152,2024-03-12,ACC-2105,Nguyen Co,Starter,19,551,192.85,Europe
SUB-40153,2024-03-20,ACC-2090,Okafor Co,Starter,1,29,10.15,North America
SUB-40154,2024-03-15,ACC-2045,Cohen Systems,Pro,19,1881,658.35,North America
SUB-40155,2024-03-09,ACC-2073,Haddad Inc,Business,6,1494,522.9,APAC
SUB-40156,2024-03-06,ACC-2086,Brooks Inc,Pro,17,1683,589.05,North America
SUB-40157,2024-03-08,ACC-2078,Brooks Labs,Enterprise,18,14382,5033.7,LATAM
SUB-40158,2024-03-17,ACC-2081,Haddad Group,Starter,6,174,60.9,Europe
SUB-40159,2024-03-07,ACC-2056,Silva Group,Enterprise,11,8789,3076.15,North America
SUB-40160,2024-03-02,ACC-2088,Tanaka Labs,Business,8,1992,697.2,North America
SUB-40161,2024-03-16,ACC-2039,Rossi Co,Pro,2,198,69.3,Europe
SUB-40162,2024-03-15,ACC-2067,Patel Group,Starter,5,145,50.75,APAC
SUB-40163,2024-03-18,ACC-2008,Kim Systems,Business,17,4233,1481.55,LATAM
SUB-40164,2024-03-07,ACC-2002,Haddad Group,Enterprise,1,799,279.65,Europe
SUB-40165,2024-03-04,ACC-2070,Kim Co,Pro,7,693,242.55,APAC
SUB-40166,2024-03-04,ACC-2030,Kim Inc,Business,11,2739,958.65,North America
SUB-40167,2024-03-02,ACC-2071,Brooks Digital,Starter,13,377,131.95,APAC
SUB-40168,2024-03-23,ACC-2038,Kim Labs,Starter,13,377,131.95,Europe
SUB-40169,2024-03-25,ACC-2016,Kim Group,Pro,13,1287,450.45,North America
SUB-40170,2024-03-20,ACC-2022,Rossi Labs,Pro,19,1881,658.35,Europe
SUB-40171,2024-03-27,ACC-2015,Haddad Inc,Business,14,3486,1220.1,LATAM
SUB-40172,2024-03-15,ACC-2058,Haddad Group,Business,4,996,348.6,North America
SUB-40173,2024-03-04,ACC-2059,Haddad Group,Starter,11,319,111.65,Europe
SUB-40174,2024-03-11,ACC-2031,Tanaka Group,Starter,4,116,40.6,Europe
SUB-40175,2024-03-17,ACC-2037,Okafor Group,Business,17,4233,1481.55,LATAM
SUB-40176,2024-03-08,ACC-2010,Cohen Group,Business,18,4482,1568.7,Europe
SUB-40177,2024-03-21,ACC-2056,Silva Group,Pro,5,495,173.25,North America
SUB-40178,2024-03-10,ACC-2088,Tanaka Labs,Business,11,2739,958.65,APAC
SUB-40179,2024-03-26,ACC-2102,Haddad Inc,Pro,17,1683,589.05,Europe
SUB-40180,2024-03-08,ACC-2066,Kim Co,Enterprise,19,15181,5313.35,APAC
SUB-40181,2024-03-18,ACC-2020,Cohen Inc,Business,13,3237,1132.95,North America
SUB-40182,2024-03-10,ACC-2090,Okafor Co,Starter,14,406,142.1,Europe
SUB-40183,2024-03-02,ACC-2054,Kim Co,Business,6,1494,522.9,APAC
SUB-40184,2024-03-04,ACC-2055,Garcia Co,Starter,16,464,162.4,Europe
SUB-40185,2024-03-23,ACC-2033,Reyes Group,Enterprise,8,6392,2237.2,LATAM
SUB-40186,2024-03-07,ACC-2065,Patel Group,Pro,6,594,207.9,North America
SUB-40187,2024-03-25,ACC-2058,Haddad Group,Pro,2,198,69.3,APAC
SUB-40188,2024-03-19,ACC-2025,Silva Group,Pro,12,1188,415.8,LATAM
SUB-40189,2024-03-26,ACC-2022,Rossi Labs,Enterprise,14,11186,3915.1,APAC
SUB-40190,2024-03-24,ACC-2043,Kim Labs,Pro,12,1188,415.8,APAC
SUB-40191,2024-03-16,ACC-2110,Okafor Labs,Business,12,2988,1045.8,APAC
SUB-40192,2024-03-03,ACC-2044,Rossi Co,Business,10,2490,871.5,APAC
SUB-40193,2024-03-15,ACC-2040,Cohen Co,Starter,20,580,203,APAC
SUB-40194,2024-03-02,ACC-2041,Kim Inc,Pro,20,1980,693,Europe
SUB-40195,2024-03-01,ACC-2057,Patel Digital,Business,8,1992,697.2,Europe
SUB-40196,2024-03-06,ACC-2070,Kim Co,Enterprise,13,10387,3635.45,LATAM
SUB-40197,2024-03-12,ACC-2017,Haddad Co,Business,7,1743,610.05,APAC
SUB-40198,2024-03-25,ACC-2112,Tanaka Group,Pro,10,990,346.5,LATAM
SUB-40199,2024-03-06,ACC-2101,Garcia Digital,Business,3,747,261.45,APAC
SUB-40200,2024-03-24,ACC-2008,Kim Systems,Pro,3,297,103.95,LATAM
SUB-40201,2024-03-26,ACC-2066,Kim Co,Pro,14,1386,485.1,Europe
SUB-40202,2024-03-21,ACC-2019,Haddad Co,Pro,4,396,138.6,APAC
SUB-40203,2024-03-12,ACC-2035,Kim Systems,Enterprise,5,3995,1398.25,North America
SUB-40204,2024-03-23,ACC-2096,Haddad Inc,Business,19,4731,1655.85,APAC
SUB-40205,2024-03-02,ACC-2106,Tanaka Systems,Business,8,1992,697.2,Europe
SUB-40206,2024-03-03,ACC-2007,Silva Labs,Business,14,3486,1220.1,North America
SUB-40207,2024-03-20,ACC-2055,Garcia Co,Enterprise,11,8789,3076.15,LATAM
SUB-40208,2024-03-07,ACC-2010,Cohen Group,Pro,11,1089,381.15,Europe
SUB-40209,2024-03-19,ACC-2097,Haddad Labs,Starter,10,290,101.5,North America
SUB-40210,2024-03-25,ACC-2010,Cohen Group,Enterprise,13,10387,3635.45,APAC
SUB-40211,2024-03-09,ACC-2092,Tanaka Group,Starter,1,29,10.15,Europe
SUB-40212,2024-03-24,ACC-2075,Brooks Group,Enterprise,19,15181,5313.35,APAC
SUB-40213,2024-03-06,ACC-2057,Patel Digital,Starter,13,377,131.95,LATAM
SUB-40214,2024-03-01,ACC-2079,Haddad Systems,Starter,16,464,162.4,Europe
SUB-40215,2024-03-19,ACC-2041,Kim Inc,Pro,12,1188,415.8,Europe
SUB-40216,2024-03-18,ACC-2040,Cohen Co,Starter,3,87,30.45,Europe
SUB-40217,2024-03-08,ACC-2099,Reyes Co,Business,5,1245,435.75,Europe
SUB-40218,2024-03-09,ACC-2059,Haddad Group,Enterprise,1,799,279.65,APAC
SUB-40219,2024-03-25,ACC-2073,Haddad Inc,Business,11,2739,958.65,LATAM
SUB-40220,2024-03-10,ACC-2045,Cohen Systems,Enterprise,4,3196,1118.6,LATAM
SUB-40221,2024-03-01,ACC-2032,Silva Labs,Pro,13,1287,450.45,LATAM
SUB-40222,2024-03-25,ACC-2107,Okafor Group,Business,12,2988,1045.8,LATAM
SUB-40223,2024-04-26,ACC-2082,Okafor Digital,Starter,4,116,40.6,APAC
SUB-40224,2024-04-14,ACC-2042,Silva Inc,Enterprise,14,11186,3915.1,LATAM
SUB-40225,2024-04-09,ACC-2023,Garcia Systems,Enterprise,7,5593,1957.55,North America
SUB-40226,2024-04-07,ACC-2022,Rossi Labs,Starter,17,493,172.55,APAC
SUB-40227,2024-04-12,ACC-2055,Garcia Co,Pro,6,594,207.9,APAC
SUB-40228,2024-04-11,ACC-2084,Silva Digital,Business,7,1743,610.05,APAC
SUB-40229,2024-04-04,ACC-2002,Haddad Group,Pro,8,792,277.2,LATAM
SUB-40230,2024-04-17,ACC-2031,Tanaka Group,Business,10,2490,871.5,APAC
SUB-40231,2024-04-18,ACC-2037,Okafor Group,Pro,3,297,103.95,North America
SUB-40232,2024-04-24,ACC-2058,Haddad Group,Business,15,3735,1307.25,Europe
SUB-40233,2024-04-04,ACC-2064,Okafor Inc,Enterprise,7,5593,1957.55,APAC
SUB-40234,2024-04-16,ACC-2032,Silva Labs,Business,10,2490,871.5,Europe
SUB-40235,2024-04-07,ACC-2107,Okafor Group,Pro,3,297,103.95,LATAM
SUB-40236,2024-04-02,ACC-2026,Kim Digital,Starter,4,116,40.6,APAC
SUB-40237,2024-04-27,ACC-2061,Brooks Inc,Pro,6,594,207.9,North America
SUB-40238,2024-04-01,ACC-2018,Reyes Group,Starter,5,145,50.75,Europe
SUB-40239,2024-04-22,ACC-2076,Cohen Group,Starter,2,58,20.3,North America
SUB-40240,2024-04-03,ACC-2018,Reyes Group,Business,2,498,174.3,Europe
SUB-40241,2024-04-02,ACC-2087,Cohen Systems,Starter,16,464,162.4,Europe
SUB-40242,2024-04-19,ACC-2055,Garcia Co,Starter,9,261,91.35,LATAM
SUB-40243,2024-04-25,ACC-2004,Silva Digital,Starter,10,290,101.5,Europe
SUB-40244,2024-04-25,ACC-2038,Kim Labs,Pro,7,693,242.55,LATAM
SUB-40245,2024-04-12,ACC-2059,Haddad Group,Pro,13,1287,450.45,LATAM
SUB-40246,2024-04-11,ACC-2020,Cohen Inc,Enterprise,4,3196,1118.6,North America
SUB-40247,2024-04-09,ACC-2087,Cohen Systems,Enterprise,15,11985,4194.75,LATAM
SUB-40248,2024-04-02,ACC-2118,Tanaka Co,Starter,19,551,192.85,APAC
SUB-40249,2024-04-09,ACC-2112,Tanaka Group,Enterprise,18,14382,5033.7,Europe
SUB-40250,2024-04-08,ACC-2052,Rossi Digital,Business,3,747,261.45,North America
SUB-40251,2024-04-27,ACC-2013,Kim Co,Enterprise,18,14382,5033.7,LATAM
SUB-40252,2024-04-12,ACC-2089,Garcia Digital,Starter,4,116,40.6,APAC
SUB-40253,2024-04-26,ACC-2094,Reyes Group,Starter,10,290,101.5,APAC
SUB-40254,2024-04-18,ACC-2040,Cohen Co,Starter,7,203,71.05,Europe
SUB-40255,2024-04-05,ACC-2000,Reyes Group,Business,4,996,348.6,North America
SUB-40256,2024-04-26,ACC-2013,Kim Co,Starter,9,261,91.35,LATAM
SUB-40257,2024-04-03,ACC-2001,Cohen Digital,Enterprise,15,11985,4194.75,Europe
SUB-40258,2024-04-15,ACC-2084,Silva Digital,Pro,6,594,207.9,APAC
SUB-40259,2024-04-07,ACC-2019,Haddad Co,Starter,11,319,111.65,Europe
SUB-40260,2024-04-11,ACC-2070,Kim Co,Business,2,498,174.3,Europe
SUB-40261,2024-04-11,ACC-2094,Reyes Group,Enterprise,11,8789,3076.15,APAC
SUB-40262,2024-04-01,ACC-2035,Kim Systems,Pro,14,1386,485.1,APAC
SUB-40263,2024-04-22,ACC-2022,Rossi Labs,Business,8,1992,697.2,APAC
SUB-40264,2024-04-14,ACC-2085,Haddad Group,Business,3,747,261.45,APAC
SUB-40265,2024-04-23,ACC-2051,Rossi Labs,Starter,13,377,131.95,APAC
SUB-40266,2024-04-07,ACC-2065,Patel Group,Enterprise,3,2397,838.95,North America
SUB-40267,2024-04-22,ACC-2023,Garcia Systems,Starter,17,493,172.55,LATAM
SUB-40268,2024-04-05,ACC-2050,Tanaka Digital,Enterprise,11,8789,3076.15,APAC
SUB-40269,2024-04-18,ACC-2015,Haddad Inc,Starter,2,58,20.3,Europe
SUB-40270,2024-04-24,ACC-2107,Okafor Group,Starter,14,406,142.1,LATAM
SUB-40271,2024-04-14,ACC-2042,Silva Inc,Starter,16,464,162.4,Europe
SUB-40272,2024-04-01,ACC-2022,Rossi Labs,Pro,4,396,138.6,APAC
SUB-40273,2024-04-05,ACC-2117,Patel Group,Business,16,3984,1394.4,Europe
SUB-40274,2024-04-25,ACC-2050,Tanaka Digital,Starter,7,203,71.05,North America
SUB-40275,2024-04-07,ACC-2104,Cohen Labs,Enterprise,11,8789,3076.15,LATAM
SUB-40276,2024-04-12,ACC-2119,Cohen Systems,Enterprise,12,9588,3355.8,APAC
SUB-40277,2024-04-21,ACC-2059,Haddad Group,Pro,15,1485,519.75,LATAM
SUB-40278,2024-04-13,ACC-2025,Silva Group,Pro,2,198,69.3,Europe
SUB-40279,2024-04-21,ACC-2049,Okafor Systems,Enterprise,16,12784,4474.4,Europe
SUB-40280,2024-04-14,ACC-2116,Brooks Inc,Pro,18,1782,623.7,Europe
SUB-40281,2024-04-14,ACC-2100,Silva Group,Pro,13,1287,450.45,North America
SUB-40282,2024-04-09,ACC-2107,Okafor Group,Pro,2,198,69.3,Europe
SUB-40283,2024-04-21,ACC-2061,Brooks Inc,Business,14,3486,1220.1,Europe
SUB-40284,2024-04-13,ACC-2021,Patel Group,Enterprise,15,11985,4194.75,North America
SUB-40285,2024-04-09,ACC-2110,Okafor Labs,Enterprise,17,13583,4754.05,North America
SUB-40286,2024-04-26,ACC-2044,Rossi Co,Business,16,3984,1394.4,APAC
SUB-40287,2024-04-01,ACC-2025,Silva Group,Enterprise,9,7191,2516.85,LATAM
SUB-40288,2024-04-23,ACC-2061,Brooks Inc,Business,19,4731,1655.85,LATAM
SUB-40289,2024-04-06,ACC-2013,Kim Co,Business,18,4482,1568.7,LATAM
SUB-40290,2024-04-21,ACC-2098,Haddad Group,Starter,7,203,71.05,LATAM
SUB-40291,2024-04-15,ACC-2048,Silva Inc,Enterprise,6,4794,1677.9,APAC
SUB-40292,2024-04-08,ACC-2037,Okafor Group,Starter,11,319,111.65,Europe
SUB-40293,2024-04-27,ACC-2035,Kim Systems,Business,11,2739,958.65,North America
SUB-40294,2024-05-10,ACC-2086,Brooks Inc,Starter,12,348,121.8,LATAM
SUB-40295,2024-05-01,ACC-2007,Silva Labs,Pro,16,1584,554.4,Europe
SUB-40296,2024-05-09,ACC-2044,Rossi Co,Business,2,498,174.3,LATAM
SUB-40297,2024-05-01,ACC-2046,Okafor Group,Pro,3,297,103.95,LATAM
SUB-40298,2024-05-07,ACC-2077,Reyes Co,Business,16,3984,1394.4,Europe
SUB-40299,2024-05-27,ACC-2032,Silva Labs,Starter,1,29,10.15,LATAM
SUB-40300,2024-05-23,ACC-2039,Rossi Co,Pro,18,1782,623.7,North America
SUB-40301,2024-05-18,ACC-2086,Brooks Inc,Enterprise,5,3995,1398.25,North America
SUB-40302,2024-05-19,ACC-2053,Tanaka Systems,Business,19,4731,1655.85,Europe
SUB-40303,2024-05-23,ACC-2019,Haddad Co,Pro,3,297,103.95,LATAM
SUB-40304,2024-05-19,ACC-2069,Reyes Group,Enterprise,10,7990,2796.5,Europe
SUB-40305,2024-05-27,ACC-2004,Silva Digital,Starter,4,116,40.6,LATAM
SUB-40306,2024-05-19,ACC-2008,Kim Systems,Enterprise,18,14382,5033.7,Europe
SUB-40307,2024-05-12,ACC-2119,Cohen Systems,Starter,10,290,101.5,North America
SUB-40308,2024-05-26,ACC-2002,Haddad Group,Pro,11,1089,381.15,LATAM
SUB-40309,2024-05-24,ACC-2111,Nguyen Group,Pro,10,990,346.5,APAC
SUB-40310,2024-05-23,ACC-2065,Patel Group,Starter,6,174,60.9,Europe
SUB-40311,2024-05-05,ACC-2014,Nguyen Co,Business,17,4233,1481.55,APAC
SUB-40312,2024-05-19,ACC-2034,Okafor Digital,Starter,7,203,71.05,LATAM
SUB-40313,2024-05-18,ACC-2004,Silva Digital,Business,7,1743,610.05,LATAM
SUB-40314,2024-05-01,ACC-2082,Okafor Digital,Pro,14,1386,485.1,LATAM
SUB-40315,2024-05-05,ACC-2034,Okafor Digital,Business,13,3237,1132.95,Europe
SUB-40316,2024-05-20,ACC-2084,Silva Digital,Pro,14,1386,485.1,North America
SUB-40317,2024-05-02,ACC-2074,Silva Digital,Starter,11,319,111.65,APAC
SUB-40318,2024-05-04,ACC-2047,Rossi Labs,Pro,10,990,346.5,APAC
SUB-40319,2024-05-01,ACC-2074,Silva Digital,Starter,19,551,192.85,Europe
SUB-40320,2024-05-08,ACC-2023,Garcia Systems,Starter,13,377,131.95,Europe
SUB-40321,2024-05-18,ACC-2015,Haddad Inc,Business,6,1494,522.9,LATAM
SUB-40322,2024-05-23,ACC-2084,Silva Digital,Enterprise,12,9588,3355.8,Europe
SUB-40323,2024-05-19,ACC-2092,Tanaka Group,Business,1,249,87.15,North America
SUB-40324,2024-05-15,ACC-2071,Brooks Digital,Starter,8,232,81.2,Europe
SUB-40325,2024-05-06,ACC-2024,Silva Co,Pro,9,891,311.85,Europe
SUB-40326,2024-05-23,ACC-2053,Tanaka Systems,Pro,15,1485,519.75,North America
SUB-40327,2024-05-03,ACC-2080,Rossi Labs,Starter,12,348,121.8,APAC
SUB-40328,2024-05-12,ACC-2083,Silva Co,Business,1,249,87.15,APAC
SUB-40329,2024-05-08,ACC-2041,Kim Inc,Starter,9,261,91.35,APAC
SUB-40330,2024-05-24,ACC-2051,Rossi Labs,Business,19,4731,1655.85,APAC
SUB-40331,2024-05-21,ACC-2107,Okafor Group,Business,9,2241,784.35,LATAM
SUB-40332,2024-05-05,ACC-2106,Tanaka Systems,Business,11,2739,958.65,Europe
SUB-40333,2024-05-15,ACC-2093,Garcia Systems,Enterprise,14,11186,3915.1,North America
SUB-40334,2024-05-14,ACC-2043,Kim Labs,Business,17,4233,1481.55,APAC
SUB-40335,2024-05-15,ACC-2016,Kim Group,Starter,2,58,20.3,North America
SUB-40336,2024-05-13,ACC-2076,Cohen Group,Business,10,2490,871.5,Europe
SUB-40337,2024-05-12,ACC-2071,Brooks Digital,Business,13,3237,1132.95,North America
SUB-40338,2024-05-18,ACC-2004,Silva Digital,Starter,13,377,131.95,LATAM
SUB-40339,2024-05-08,ACC-2100,Silva Group,Enterprise,11,8789,3076.15,LATAM
SUB-40340,2024-05-01,ACC-2090,Okafor Co,Starter,17,493,172.55,North America
SUB-40341,2024-05-03,ACC-2029,Nguyen Inc,Starter,8,232,81.2,APAC
SUB-40342,2024-05-25,ACC-2020,Cohen Inc,Pro,18,1782,623.7,Europe
SUB-40343,2024-05-11,ACC-2092,Tanaka Group,Pro,4,396,138.6,LATAM
SUB-40344,2024-05-14,ACC-2034,Okafor Digital,Pro,14,1386,485.1,APAC
SUB-40345,2024-05-13,ACC-2113,Patel Labs,Enterprise,8,6392,2237.2,APAC
SUB-40346,2024-05-23,ACC-2034,Okafor Digital,Enterprise,9,7191,2516.85,LATAM
SUB-40347,2024-05-23,ACC-2103,Silva Labs,Pro,10,990,346.5,LATAM
SUB-40348,2024-05-22,ACC-2021,Patel Group,Enterprise,19,15181,5313.35,North America
SUB-40349,2024-05-02,ACC-2088,Tanaka Labs,Business,10,2490,871.5,Europe
SUB-40350,2024-05-22,ACC-2090,Okafor Co,Enterprise,15,11985,4194.75,APAC
SUB-40351,2024-05-07,ACC-2119,Cohen Systems,Business,5,1245,435.75,LATAM
SUB-40352,2024-05-27,ACC-2027,Okafor Digital,Pro,11,1089,381.15,Europe
SUB-40353,2024-05-06,ACC-2008,Kim Systems,Pro,3,297,103.95,LATAM
SUB-40354,2024-05-01,ACC-2073,Haddad Inc,Enterprise,18,14382,5033.7,Europe
SUB-40355,2024-05-24,ACC-2007,Silva Labs,Enterprise,13,10387,3635.45,North America
SUB-40356,2024-05-02,ACC-2113,Patel Labs,Pro,20,1980,693,APAC
SUB-40357,2024-05-21,ACC-2022,Rossi Labs,Business,1,249,87.15,Europe
SUB-40358,2024-05-26,ACC-2053,Tanaka Systems,Starter,11,319,111.65,North America
SUB-40359,2024-05-03,ACC-2012,Okafor Group,Business,18,4482,1568.7,Europe
SUB-40360,2024-05-10,ACC-2020,Cohen Inc,Business,14,3486,1220.1,North America
SUB-40361,2024-05-04,ACC-2048,Silva Inc,Enterprise,17,13583,4754.05,LATAM
SUB-40362,2024-05-14,ACC-2075,Brooks Group,Pro,16,1584,554.4,LATAM
SUB-40363,2024-05-24,ACC-2113,Patel Labs,Pro,15,1485,519.75,Europe
SUB-40364,2024-05-03,ACC-2105,Nguyen Co,Enterprise,11,8789,3076.15,APAC
SUB-40365,2024-05-22,ACC-2037,Okafor Group,Business,18,4482,1568.7,Europe
SUB-40366,2024-05-11,ACC-2048,Silva Inc,Business,11,2739,958.65,North America
SUB-40367,2024-05-21,ACC-2101,Garcia Digital,Business,18,4482,1568.7,Europe
SUB-40368,2024-05-26,ACC-2069,Reyes Group,Business,6,1494,522.9,Europe
SUB-40369,2024-05-16,ACC-2033,Reyes Group,Business,18,4482,1568.7,Europe
SUB-40370,2024-05-04,ACC-2053,Tanaka Systems,Starter,18,522,182.7,APAC
SUB-40371,2024-05-19,ACC-2029,Nguyen Inc,Enterprise,12,9588,3355.8,LATAM
SUB-40372,2024-05-20,ACC-2013,Kim Co,Pro,8,792,277.2,APAC
SUB-40373,2024-05-11,ACC-2010,Cohen Group,Starter,14,406,142.1,North America
SUB-40374,2024-05-21,ACC-2005,Kim Inc,Enterprise,19,15181,5313.35,North America
SUB-40375,2024-05-01,ACC-2083,Silva Co,Enterprise,4,3196,1118.6,APAC
SUB-40376,2024-05-26,ACC-2076,Cohen Group,Starter,9,261,91.35,Europe
SUB-40377,2024-05-11,ACC-2063,Silva Systems,Business,3,747,261.45,Europe
SUB-40378,2024-05-06,ACC-2086,Brooks Inc,Pro,18,1782,623.7,North America
SUB-40379,2024-05-27,ACC-2080,Rossi Labs,Business,9,2241,784.35,APAC
SUB-40380,2024-05-12,ACC-2088,Tanaka Labs,Enterprise,12,9588,3355.8,Europe
SUB-40381,2024-05-15,ACC-2045,Cohen Systems,Pro,8,792,277.2,LATAM
SUB-40382,2024-06-16,ACC-2112,Tanaka Group,Business,15,3735,1307.25,Europe
SUB-40383,2024-06-21,ACC-2080,Rossi Labs,Pro,5,495,173.25,APAC
SUB-40384,2024-06-11,ACC-2008,Kim Systems,Business,17,4233,1481.55,Europe
SUB-40385,2024-06-12,ACC-2060,Reyes Co,Enterprise,13,10387,3635.45,Europe
SUB-40386,2024-06-25,ACC-2090,Okafor Co,Pro,4,396,138.6,LATAM
SUB-40387,2024-06-09,ACC-2091,Cohen Group,Business,6,1494,522.9,Europe
SUB-40388,2024-06-13,ACC-2059,Haddad Group,Business,9,2241,784.35,North America
SUB-40389,2024-06-10,ACC-2016,Kim Group,Starter,1,29,10.15,North America
SUB-40390,2024-06-21,ACC-2108,Kim Co,Business,7,1743,610.05,North America
SUB-40391,2024-06-12,ACC-2113,Patel Labs,Pro,17,1683,589.05,North America
SUB-40392,2024-06-03,ACC-2090,Okafor Co,Business,11,2739,958.65,Europe
SUB-40393,2024-06-11,ACC-2012,Okafor Group,Pro,12,1188,415.8,Europe
SUB-40394,2024-06-27,ACC-2036,Okafor Inc,Enterprise,15,11985,4194.75,APAC
SUB-40395,2024-06-07,ACC-2048,Silva Inc,Enterprise,5,3995,1398.25,LATAM
SUB-40396,2024-06-24,ACC-2058,Haddad Group,Enterprise,2,1598,559.3,Europe
SUB-40397,2024-06-08,ACC-2058,Haddad Group,Business,5,1245,435.75,Europe
SUB-40398,2024-06-02,ACC-2117,Patel Group,Business,20,4980,1743,Europe
SUB-40399,2024-06-17,ACC-2051,Rossi Labs,Enterprise,5,3995,1398.25,APAC
SUB-40400,2024-06-01,ACC-2118,Tanaka Co,Starter,10,290,101.5,North America
SUB-40401,2024-06-18,ACC-2041,Kim Inc,Starter,3,87,30.45,Europe
SUB-40402,2024-06-07,ACC-2041,Kim Inc,Business,10,2490,871.5,APAC
SUB-40403,2024-06-11,ACC-2008,Kim Systems,Starter,15,435,152.25,Europe
SUB-40404,2024-06-02,ACC-2079,Haddad Systems,Business,2,498,174.3,APAC
SUB-40405,2024-06-09,ACC-2022,Rossi Labs,Starter,18,522,182.7,APAC
SUB-40406,2024-06-02,ACC-2073,Haddad Inc,Starter,11,319,111.65,Europe
SUB-40407,2024-06-08,ACC-2096,Haddad Inc,Enterprise,15,11985,4194.75,North America
SUB-40408,2024-06-15,ACC-2063,Silva Systems,Starter,6,174,60.9,APAC
SUB-40409,2024-06-23,ACC-2027,Okafor Digital,Enterprise,1,799,279.65,North America
SUB-40410,2024-06-04,ACC-2022,Rossi Labs,Business,16,3984,1394.4,APAC
SUB-40411,2024-06-11,ACC-2011,Reyes Labs,Starter,1,29,10.15,APAC
SUB-40412,2024-06-17,ACC-2032,Silva Labs,Enterprise,4,3196,1118.6,APAC
SUB-40413,2024-06-19,ACC-2068,Kim Inc,Starter,19,551,192.85,APAC
SUB-40414,2024-06-08,ACC-2082,Okafor Digital,Business,10,2490,871.5,Europe
SUB-40415,2024-06-26,ACC-2059,Haddad Group,Enterprise,2,1598,559.3,Europe
SUB-40416,2024-06-14,ACC-2004,Silva Digital,Enterprise,9,7191,2516.85,Europe
SUB-40417,2024-06-20,ACC-2098,Haddad Group,Starter,9,261,91.35,Europe
SUB-40418,2024-06-27,ACC-2101,Garcia Digital,Enterprise,19,15181,5313.35,LATAM
SUB-40419,2024-06-22,ACC-2014,Nguyen Co,Enterprise,8,6392,2237.2,North America
SUB-40420,2024-06-02,ACC-2117,Patel Group,Pro,8,792,277.2,North America
SUB-40421,2024-06-14,ACC-2060,Reyes Co,Business,7,1743,610.05,Europe
SUB-40422,2024-06-03,ACC-2096,Haddad Inc,Starter,18,522,182.7,APAC
SUB-40423,2024-06-25,ACC-2062,Brooks Co,Starter,3,87,30.45,Europe
SUB-40424,2024-06-06,ACC-2023,Garcia Systems,Business,6,1494,522.9,LATAM
SUB-40425,2024-06-14,ACC-2099,Reyes Co,Starter,10,290,101.5,LATAM
SUB-40426,2024-06-25,ACC-2033,Reyes Group,Starter,10,290,101.5,APAC
SUB-40427,2024-06-07,ACC-2118,Tanaka Co,Business,13,3237,1132.95,North America
SUB-40428,2024-06-25,ACC-2059,Haddad Group,Starter,8,232,81.2,LATAM
SUB-40429,2024-06-18,ACC-2019,Haddad Co,Pro,10,990,346.5,Europe
SUB-40430,2024-06-14,ACC-2109,Okafor Co,Pro,11,1089,381.15,North America
SUB-40431,2024-06-14,ACC-2010,Cohen Group,Business,13,3237,1132.95,Europe
SUB-40432,2024-06-07,ACC-2060,Reyes Co,Starter,12,348,121.8,Europe
SUB-40433,2024-06-25,ACC-2042,Silva Inc,Pro,17,1683,589.05,Europe
SUB-40434,2024-06-17,ACC-2051,Rossi Labs,Enterprise,6,4794,1677.9,Europe
SUB-40435,2024-06-12,ACC-2117,Patel Group,Pro,7,693,242.55,APAC
SUB-40436,2024-06-19,ACC-2037,Okafor Group,Business,20,4980,1743,APAC
SUB-40437,2024-06-01,ACC-2015,Haddad Inc,Pro,15,1485,519.75,North America
SUB-40438,2024-06-26,ACC-2050,Tanaka Digital,Enterprise,11,8789,3076.15,APAC
SUB-40439,2024-06-23,ACC-2119,Cohen Systems,Pro,1,99,34.65,North America
SUB-40440,2024-06-23,ACC-2074,Silva Digital,Business,20,4980,1743,APAC
SUB-40441,2024-06-25,ACC-2075,Brooks Group,Starter,3,87,30.45,North America
SUB-40442,2024-06-08,ACC-2021,Patel Group,Starter,13,377,131.95,APAC
SUB-40443,2024-06-18,ACC-2024,Silva Co,Business,5,1245,435.75,North America
SUB-40444,2024-06-19,ACC-2057,Patel Digital,Pro,15,1485,519.75,Europe
SUB-40445,2024-06-18,ACC-2073,Haddad Inc,Enterprise,7,5593,1957.55,North America
SUB-40446,2024-06-08,ACC-2006,Silva Inc,Pro,15,1485,519.75,North America
SUB-40447,2024-06-19,ACC-2095,Kim Systems,Enterprise,8,6392,2237.2,North America
SUB-40448,2024-06-13,ACC-2077,Reyes Co,Enterprise,2,1598,559.3,APAC
SUB-40449,2024-06-04,ACC-2108,Kim Co,Starter,12,348,121.8,Europe
SUB-40450,2024-06-12,ACC-2054,Kim Co,Business,9,2241,784.35,North America
SUB-40451,2024-06-27,ACC-2014,Nguyen Co,Starter,18,522,182.7,APAC
SUB-40452,2024-06-08,ACC-2002,Haddad Group,Enterprise,6,4794,1677.9,APAC
SUB-40453,2024-06-22,ACC-2012,Okafor Group,Business,17,4233,1481.55,APAC
SUB-40454,2024-06-24,ACC-2102,Haddad Inc,Enterprise,12,9588,3355.8,North America
SUB-40455,2024-06-08,ACC-2117,Patel Group,Pro,17,1683,589.05,North America
SUB-40456,2024-06-03,ACC-2065,Patel Group,Starter,13,377,131.95,North America
SUB-40457,2024-06-17,ACC-2073,Haddad Inc,Business,8,1992,697.2,Europe
SUB-40458,2024-06-17,ACC-2114,Haddad Labs,Enterprise,3,2397,838.95,LATAM
SUB-40459,2024-06-05,ACC-2038,Kim Labs,Enterprise,8,6392,2237.2,Europe
SUB-40460,2024-06-06,ACC-2027,Okafor Digital,Pro,16,1584,554.4,Europe
SUB-40461,2024-06-19,ACC-2007,Silva Labs,Enterprise,10,7990,2796.5,Europe
SUB-40462,2024-06-16,ACC-2045,Cohen Systems,Enterprise,11,8789,3076.15,APAC
SUB-40463,2024-06-16,ACC-2032,Silva Labs,Pro,10,990,346.5,LATAM
SUB-40464,2024-06-24,ACC-2096,Haddad Inc,Pro,15,1485,519.75,LATAM
SUB-40465,2024-07-05,ACC-2117,Patel Group,Starter,10,290,101.5,Europe
SUB-40466,2024-07-15,ACC-2070,Kim Co,Starter,12,348,121.8,APAC
SUB-40467,2024-07-07,ACC-2103,Silva Labs,Pro,11,1089,381.15,LATAM
SUB-40468,2024-07-02,ACC-2107,Okafor Group,Starter,4,116,40.6,North America
SUB-40469,2024-07-22,ACC-2062,Brooks Co,Enterprise,7,5593,1957.55,North America
SUB-40470,2024-07-26,ACC-2060,Reyes Co,Enterprise,13,10387,3635.45,LATAM
SUB-40471,2024-07-08,ACC-2084,Silva Digital,Starter,17,493,172.55,LATAM
SUB-40472,2024-07-13,ACC-2066,Kim Co,Pro,14,1386,485.1,North America
SUB-40473,2024-07-09,ACC-2042,Silva Inc,Enterprise,20,15980,5593,LATAM
SUB-40474,2024-07-19,ACC-2057,Patel Digital,Pro,3,297,103.95,LATAM
SUB-40475,2024-07-21,ACC-2098,Haddad Group,Pro,13,1287,450.45,Europe
SUB-40476,2024-07-22,ACC-2101,Garcia Digital,Starter,8,232,81.2,APAC
SUB-40477,2024-07-11,ACC-2025,Silva Group,Starter,1,29,10.15,APAC
SUB-40478,2024-07-07,ACC-2026,Kim Digital,Enterprise,14,11186,3915.1,LATAM
SUB-40479,2024-07-12,ACC-2085,Haddad Group,Business,18,4482,1568.7,LATAM
SUB-40480,2024-07-25,ACC-2075,Brooks Group,Business,14,3486,1220.1,North America
SUB-40481,2024-07-11,ACC-2042,Silva Inc,Starter,19,551,192.85,LATAM
SUB-40482,2024-07-11,ACC-2047,Rossi Labs,Starter,11,319,111.65,North America
SUB-40483,2024-07-07,ACC-2058,Haddad Group,Enterprise,4,3196,1118.6,APAC
SUB-40484,2024-07-03,ACC-2059,Haddad Group,Enterprise,6,4794,1677.9,Europe
SUB-40485,2024-07-11,ACC-2073,Haddad Inc,Business,12,2988,1045.8,LATAM
SUB-40486,2024-07-15,ACC-2023,Garcia Systems,Enterprise,17,13583,4754.05,APAC
SUB-40487,2024-07-27,ACC-2034,Okafor Digital,Enterprise,4,3196,1118.6,LATAM
SUB-40488,2024-07-06,ACC-2079,Haddad Systems,Enterprise,3,2397,838.95,APAC
SUB-40489,2024-07-16,ACC-2025,Silva Group,Business,13,3237,1132.95,APAC
SUB-40490,2024-07-13,ACC-2112,Tanaka Group,Starter,14,406,142.1,North America
SUB-40491,2024-07-14,ACC-2112,Tanaka Group,Pro,8,792,277.2,LATAM
SUB-40492,2024-07-24,ACC-2103,Silva Labs,Pro,14,1386,485.1,North America
SUB-40493,2024-07-22,ACC-2045,Cohen Systems,Enterprise,7,5593,1957.55,North America
SUB-40494,2024-07-23,ACC-2075,Brooks Group,Starter,19,551,192.85,North America
SUB-40495,2024-07-05,ACC-2117,Patel Group,Starter,11,319,111.65,APAC
SUB-40496,2024-07-04,ACC-2035,Kim Systems,Enterprise,20,15980,5593,LATAM
SUB-40497,2024-07-12,ACC-2084,Silva Digital,Enterprise,4,3196,1118.6,North America
SUB-40498,2024-07-25,ACC-2084,Silva Digital,Business,12,2988,1045.8,North America
SUB-40499,2024-07-17,ACC-2041,Kim Inc,Starter,11,319,111.65,North America
SUB-40500,2024-07-08,ACC-2069,Reyes Group,Enterprise,16,12784,4474.4,APAC
SUB-40501,2024-07-21,ACC-2098,Haddad Group,Pro,12,1188,415.8,LATAM
SUB-40502,2024-07-20,ACC-2010,Cohen Group,Starter,7,203,71.05,Europe
SUB-40503,2024-07-14,ACC-2067,Patel Group,Business,7,1743,610.05,LATAM
SUB-40504,2024-07-23,ACC-2030,Kim Inc,Starter,5,145,50.75,Europe
SUB-40505,2024-07-24,ACC-2078,Brooks Labs,Starter,9,261,91.35,North America
SUB-40506,2024-07-05,ACC-2041,Kim Inc,Business,14,3486,1220.1,North America
SUB-40507,2024-07-10,ACC-2026,Kim Digital,Starter,6,174,60.9,APAC
SUB-40508,2024-07-24,ACC-2089,Garcia Digital,Pro,19,1881,658.35,LATAM
SUB-40509,2024-07-04,ACC-2119,Cohen Systems,Pro,19,1881,658.35,Europe
SUB-40510,2024-07-25,ACC-2017,Haddad Co,Pro,14,1386,485.1,LATAM
SUB-40511,2024-07-01,ACC-2070,Kim Co,Enterprise,12,9588,3355.8,Europe
SUB-40512,2024-07-20,ACC-2002,Haddad Group,Enterprise,18,14382,5033.7,North America
SUB-40513,2024-07-21,ACC-2100,Silva Group,Pro,18,1782,623.7,Europe
SUB-40514,2024-07-11,ACC-2086,Brooks Inc,Business,7,1743,610.05,North America
SUB-40515,2024-07-01,ACC-2055,Garcia Co,Pro,11,1089,381.15,Europe
SUB-40516,2024-07-25,ACC-2090,Okafor Co,Enterprise,7,5593,1957.55,Europe
SUB-40517,2024-07-17,ACC-2056,Silva Group,Pro,18,1782,623.7,North America
SUB-40518,2024-07-15,ACC-2018,Reyes Group,Starter,20,580,203,Europe
SUB-40519,2024-07-06,ACC-2006,Silva Inc,Pro,8,792,277.2,APAC
SUB-40520,2024-07-16,ACC-2003,Okafor Systems,Starter,6,174,60.9,LATAM
SUB-40521,2024-07-27,ACC-2117,Patel Group,Enterprise,15,11985,4194.75,LATAM
SUB-40522,2024-07-06,ACC-2019,Haddad Co,Business,11,2739,958.65,North America
SUB-40523,2024-07-06,ACC-2062,Brooks Co,Business,6,1494,522.9,Europe
SUB-40524,2024-07-12,ACC-2012,Okafor Group,Business,20,4980,1743,Europe
SUB-40525,2024-07-10,ACC-2102,Haddad Inc,Starter,11,319,111.65,North America
SUB-40526,2024-07-13,ACC-2080,Rossi Labs,Starter,2,58,20.3,North America
SUB-40527,2024-07-24,ACC-2065,Patel Group,Starter,14,406,142.1,APAC
SUB-40528,2024-07-05,ACC-2032,Silva Labs,Business,12,2988,1045.8,North America
SUB-40529,2024-07-11,ACC-2022,Rossi Labs,Enterprise,20,15980,5593,LATAM
SUB-40530,2024-07-20,ACC-2079,Haddad Systems,Business,5,1245,435.75,Europe
SUB-40531,2024-07-21,ACC-2083,Silva Co,Enterprise,6,4794,1677.9,APAC
SUB-40532,2024-07-08,ACC-2021,Patel Group,Business,13,3237,1132.95,North America
SUB-40533,2024-07-14,ACC-2095,Kim Systems,Business,19,4731,1655.85,North America
SUB-40534,2024-07-02,ACC-2001,Cohen Digital,Enterprise,9,7191,2516.85,North America
SUB-40535,2024-07-19,ACC-2074,Silva Digital,Enterprise,13,10387,3635.45,Europe
SUB-40536,2024-07-04,ACC-2030,Kim Inc,Pro,14,1386,485.1,LATAM
SUB-40537,2024-07-09,ACC-2057,Patel Digital,Pro,14,1386,485.1,North America
SUB-40538,2024-07-01,ACC-2015,Haddad Inc,Business,20,4980,1743,LATAM
SUB-40539,2024-07-22,ACC-2110,Okafor Labs,Business,9,2241,784.35,APAC
SUB-40540,2024-07-07,ACC-2105,Nguyen Co,Business,16,3984,1394.4,North America
SUB-40541,2024-07-18,ACC-2027,Okafor Digital,Pro,12,1188,415.8,Europe
SUB-40542,2024-07-19,ACC-2111,Nguyen Group,Pro,6,594,207.9,APAC
SUB-40543,2024-07-16,ACC-2074,Silva Digital,Starter,6,174,60.9,LATAM
SUB-40544,2024-07-17,ACC-2060,Reyes Co,Enterprise,6,4794,1677.9,APAC
SUB-40545,2024-07-13,ACC-2035,Kim Systems,Pro,4,396,138.6,Europe
SUB-40546,2024-07-21,ACC-2037,Okafor Group,Starter,11,319,111.65,Europe
SUB-40547,2024-07-23,ACC-2063,Silva Systems,Enterprise,19,15181,5313.35,Europe
SUB-40548,2024-07-24,ACC-2033,Reyes Group,Pro,7,693,242.55,APAC
SUB-40549,2024-07-04,ACC-2042,Silva Inc,Enterprise,19,15181,5313.35,Europe
SUB-40550,2024-07-22,ACC-2119,Cohen Systems,Starter,12,348,121.8,APAC
SUB-40551,2024-07-04,ACC-2080,Rossi Labs,Enterprise,17,13583,4754.05,Europe
SUB-40552,2024-07-18,ACC-2040,Cohen Co,Business,13,3237,1132.95,Europe
SUB-40553,2024-07-11,ACC-2050,Tanaka Digital,Business,9,2241,784.35,APAC
SUB-40554,2024-07-16,ACC-2032,Silva Labs,Starter,7,203,71.05,North America
SUB-40555,2024-07-15,ACC-2050,Tanaka Digital,Enterprise,13,10387,3635.45,North America
SUB-40556,2024-07-17,ACC-2063,Silva Systems,Business,12,2988,1045.8,Europe
SUB-40557,2024-07-11,ACC-2074,Silva Digital,Business,3,747,261.45,Europe
SUB-40558,2024-07-24,ACC-2113,Patel Labs,Starter,11,319,111.65,LATAM
SUB-40559,2024-07-01,ACC-2007,Silva Labs,Enterprise,3,2397,838.95,APAC
SUB-40560,2024-07-14,ACC-2096,Haddad Inc,Enterprise,1,799,279.65,LATAM
SUB-40561,2024-07-17,ACC-2053,Tanaka Systems,Starter,8,232,81.2,APAC
SUB-40562,2024-07-26,ACC-2022,Rossi Labs,Enterprise,19,15181,5313.35,North America
SUB-40563,2024-07-02,ACC-2013,Kim Co,Pro,9,891,311.85,LATAM
SUB-40564,2024-07-06,ACC-2056,Silva Group,Starter,12,348,121.8,LATAM
SUB-40565,2024-07-24,ACC-2028,Rossi Labs,Business,11,2739,958.65,LATAM
SUB-40566,2024-07-01,ACC-2043,Kim Labs,Business,1,249,87.15,LATAM
SUB-40567,2024-07-09,ACC-2053,Tanaka Systems,Starter,20,580,203,Europe
SUB-40568,2024-08-25,ACC-2108,Kim Co,Enterprise,8,6392,2237.2,APAC
SUB-40569,2024-08-12,ACC-2028,Rossi Labs,Business,16,3984,1394.4,LATAM
SUB-40570,2024-08-24,ACC-2105,Nguyen Co,Starter,12,348,121.8,APAC
SUB-40571,2024-08-07,ACC-2019,Haddad Co,Business,17,4233,1481.55,Europe
SUB-40572,2024-08-21,ACC-2117,Patel Group,Pro,4,396,138.6,Europe
SUB-40573,2024-08-26,ACC-2042,Silva Inc,Pro,4,396,138.6,LATAM
SUB-40574,2024-08-01,ACC-2073,Haddad Inc,Pro,7,693,242.55,LATAM
SUB-40575,2024-08-07,ACC-2068,Kim Inc,Enterprise,3,2397,838.95,LATAM
SUB-40576,2024-08-20,ACC-2060,Reyes Co,Pro,4,396,138.6,Europe
SUB-40577,2024-08-02,ACC-2058,Haddad Group,Pro,12,1188,415.8,APAC
SUB-40578,2024-08-01,ACC-2076,Cohen Group,Pro,18,1782,623.7,Europe
SUB-40579,2024-08-27,ACC-2119,Cohen Systems,Business,17,4233,1481.55,North America
SUB-40580,2024-08-24,ACC-2017,Haddad Co,Business,15,3735,1307.25,LATAM
SUB-40581,2024-08-15,ACC-2053,Tanaka Systems,Business,11,2739,958.65,North America
SUB-40582,2024-08-20,ACC-2064,Okafor Inc,Business,6,1494,522.9,North America
SUB-40583,2024-08-14,ACC-2041,Kim Inc,Business,18,4482,1568.7,North America
SUB-40584,2024-08-14,ACC-2006,Silva Inc,Business,11,2739,958.65,North America
SUB-40585,2024-08-27,ACC-2057,Patel Digital,Pro,16,1584,554.4,LATAM
SUB-40586,2024-08-27,ACC-2029,Nguyen Inc,Starter,12,348,121.8,North America
SUB-40587,2024-08-20,ACC-2099,Reyes Co,Enterprise,10,7990,2796.5,LATAM
SUB-40588,2024-08-13,ACC-2103,Silva Labs,Starter,3,87,30.45,North America
SUB-40589,2024-08-06,ACC-2037,Okafor Group,Pro,13,1287,450.45,APAC
SUB-40590,2024-08-03,ACC-2007,Silva Labs,Business,11,2739,958.65,North America
SUB-40591,2024-08-02,ACC-2096,Haddad Inc,Business,4,996,348.6,Europe
SUB-40592,2024-08-11,ACC-2004,Silva Digital,Pro,7,693,242.55,LATAM
SUB-40593,2024-08-02,ACC-2079,Haddad Systems,Business,9,2241,784.35,North America
SUB-40594,2024-08-25,ACC-2043,Kim Labs,Pro,19,1881,658.35,APAC
SUB-40595,2024-08-04,ACC-2113,Patel Labs,Business,20,4980,1743,APAC
SUB-40596,2024-08-08,ACC-2076,Cohen Group,Business,3,747,261.45,North America
SUB-40597,2024-08-26,ACC-2111,Nguyen Group,Business,14,3486,1220.1,APAC
SUB-40598,2024-08-17,ACC-2102,Haddad Inc,Enterprise,6,4794,1677.9,LATAM
SUB-40599,2024-08-21,ACC-2119,Cohen Systems,Pro,8,792,277.2,Europe
SUB-40600,2024-08-27,ACC-2084,Silva Digital,Business,19,4731,1655.85,APAC
SUB-40601,2024-08-02,ACC-2057,Patel Digital,Enterprise,10,7990,2796.5,North America
SUB-40602,2024-08-24,ACC-2093,Garcia Systems,Starter,11,319,111.65,Europe
SUB-40603,2024-08-16,ACC-2063,Silva Systems,Business,1,249,87.15,North America
SUB-40604,2024-08-07,ACC-2053,Tanaka Systems,Business,20,4980,1743,North America
SUB-40605,2024-08-24,ACC-2020,Cohen Inc,Starter,15,435,152.25,Europe
SUB-40606,2024-08-05,ACC-2036,Okafor Inc,Starter,1,29,10.15,Europe
SUB-40607,2024-08-14,ACC-2048,Silva Inc,Enterprise,1,799,279.65,Europe
SUB-40608,2024-08-03,ACC-2064,Okafor Inc,Enterprise,9,7191,2516.85,North America
SUB-40609,2024-08-21,ACC-2072,Nguyen Group,Pro,5,495,173.25,APAC
SUB-40610,2024-08-11,ACC-2050,Tanaka Digital,Business,10,2490,871.5,Europe
SUB-40611,2024-08-01,ACC-2119,Cohen Systems,Enterprise,6,4794,1677.9,APAC
SUB-40612,2024-08-12,ACC-2090,Okafor Co,Business,2,498,174.3,Europe
SUB-40613,2024-08-19,ACC-2042,Silva Inc,Starter,13,377,131.95,North America
SUB-40614,2024-08-14,ACC-2042,Silva Inc,Starter,13,377,131.95,LATAM
SUB-40615,2024-08-15,ACC-2016,Kim Group,Pro,11,1089,381.15,APAC
SUB-40616,2024-08-25,ACC-2065,Patel Group,Enterprise,16,12784,4474.4,LATAM
SUB-40617,2024-08-13,ACC-2031,Tanaka Group,Enterprise,17,13583,4754.05,LATAM
SUB-40618,2024-08-22,ACC-2052,Rossi Digital,Pro,11,1089,381.15,LATAM
SUB-40619,2024-08-19,ACC-2049,Okafor Systems,Starter,4,116,40.6,APAC
SUB-40620,2024-08-06,ACC-2064,Okafor Inc,Pro,17,1683,589.05,LATAM
SUB-40621,2024-08-11,ACC-2021,Patel Group,Enterprise,6,4794,1677.9,LATAM
SUB-40622,2024-08-02,ACC-2096,Haddad Inc,Enterprise,7,5593,1957.55,Europe
SUB-40623,2024-08-23,ACC-2062,Brooks Co,Enterprise,15,11985,4194.75,APAC
SUB-40624,2024-08-12,ACC-2102,Haddad Inc,Pro,15,1485,519.75,North America
SUB-40625,2024-08-09,ACC-2090,Okafor Co,Enterprise,5,3995,1398.25,LATAM
SUB-40626,2024-08-27,ACC-2085,Haddad Group,Business,3,747,261.45,APAC
SUB-40627,2024-08-13,ACC-2033,Reyes Group,Starter,20,580,203,North America
SUB-40628,2024-08-02,ACC-2049,Okafor Systems,Pro,16,1584,554.4,North America
SUB-40629,2024-08-11,ACC-2108,Kim Co,Business,6,1494,522.9,LATAM
SUB-40630,2024-08-06,ACC-2030,Kim Inc,Starter,15,435,152.25,North America
SUB-40631,2024-08-17,ACC-2078,Brooks Labs,Enterprise,9,7191,2516.85,North America
SUB-40632,2024-08-07,ACC-2064,Okafor Inc,Starter,6,174,60.9,LATAM
SUB-40633,2024-08-24,ACC-2110,Okafor Labs,Enterprise,19,15181,5313.35,Europe
SUB-40634,2024-08-24,ACC-2117,Patel Group,Pro,19,1881,658.35,Europe
SUB-40635,2024-08-08,ACC-2113,Patel Labs,Pro,9,891,311.85,LATAM
SUB-40636,2024-08-10,ACC-2066,Kim Co,Business,16,3984,1394.4,North America
SUB-40637,2024-08-21,ACC-2068,Kim Inc,Enterprise,13,10387,3635.45,North America
SUB-40638,2024-08-02,ACC-2015,Haddad Inc,Business,4,996,348.6,North America
SUB-40639,2024-08-14,ACC-2117,Patel Group,Business,1,249,87.15,North America
SUB-40640,2024-08-24,ACC-2022,Rossi Labs,Business,15,3735,1307.25,Europe
SUB-40641,2024-08-15,ACC-2053,Tanaka Systems,Starter,14,406,142.1,LATAM
SUB-40642,2024-08-02,ACC-2101,Garcia Digital,Pro,2,198,69.3,LATAM
SUB-40643,2024-08-14,ACC-2115,Haddad Digital,Business,12,2988,1045.8,APAC
SUB-40644,2024-08-24,ACC-2037,Okafor Group,Business,17,4233,1481.55,Europe
SUB-40645,2024-08-12,ACC-2119,Cohen Systems,Pro,16,1584,554.4,APAC
SUB-40646,2024-08-26,ACC-2030,Kim Inc,Business,16,3984,1394.4,LATAM
SUB-40647,2024-08-04,ACC-2001,Cohen Digital,Business,1,249,87.15,LATAM
SUB-40648,2024-08-05,ACC-2040,Cohen Co,Business,4,996,348.6,APAC
SUB-40649,2024-08-08,ACC-2014,Nguyen Co,Starter,14,406,142.1,North America
SUB-40650,2024-08-20,ACC-2103,Silva Labs,Business,17,4233,1481.55,APAC
SUB-40651,2024-08-06,ACC-2041,Kim Inc,Business,13,3237,1132.95,APAC
SUB-40652,2024-08-08,ACC-2001,Cohen Digital,Business,7,1743,610.05,Europe
SUB-40653,2024-08-15,ACC-2094,Reyes Group,Enterprise,16,12784,4474.4,Europe
SUB-40654,2024-08-12,ACC-2064,Okafor Inc,Starter,20,580,203,APAC
SUB-40655,2024-08-01,ACC-2100,Silva Group,Pro,4,396,138.6,Europe
SUB-40656,2024-08-04,ACC-2116,Brooks Inc,Business,15,3735,1307.25,LATAM
SUB-40657,2024-08-27,ACC-2026,Kim Digital,Pro,18,1782,623.7,LATAM
SUB-40658,2024-08-03,ACC-2109,Okafor Co,Business,12,2988,1045.8,North America
SUB-40659,2024-08-12,ACC-2030,Kim Inc,Business,9,2241,784.35,North America
SUB-40660,2024-08-24,ACC-2088,Tanaka Labs,Starter,15,435,152.25,APAC
SUB-40661,2024-08-01,ACC-2032,Silva Labs,Starter,2,58,20.3,Europe
SUB-40662,2024-08-12,ACC-2042,Silva Inc,Pro,19,1881,658.35,LATAM
SUB-40663,2024-08-01,ACC-2057,Patel Digital,Starter,2,58,20.3,LATAM
SUB-40664,2024-08-14,ACC-2032,Silva Labs,Enterprise,4,3196,1118.6,LATAM
SUB-40665,2024-08-17,ACC-2049,Okafor Systems,Business,1,249,87.15,LATAM
SUB-40666,2024-08-06,ACC-2002,Haddad Group,Business,15,3735,1307.25,LATAM
SUB-40667,2024-08-26,ACC-2032,Silva Labs,Enterprise,20,15980,5593,North America
SUB-40668,2024-08-04,ACC-2077,Reyes Co,Business,7,1743,610.05,North America
SUB-40669,2024-08-08,ACC-2012,Okafor Group,Enterprise,2,1598,559.3,Europe
SUB-40670,2024-08-15,ACC-2113,Patel Labs,Business,10,2490,871.5,APAC
SUB-40671,2024-08-17,ACC-2008,Kim Systems,Enterprise,10,7990,2796.5,Europe
SUB-40672,2024-08-16,ACC-2084,Silva Digital,Business,2,498,174.3,Europe
SUB-40673,2024-08-17,ACC-2040,Cohen Co,Enterprise,5,3995,1398.25,Europe
SUB-40674,2024-08-25,ACC-2053,Tanaka Systems,Pro,19,1881,658.35,APAC
SUB-40675,2024-09-10,ACC-2025,Silva Group,Business,12,2988,1045.8,Europe
SUB-40676,2024-09-13,ACC-2014,Nguyen Co,Starter,12,348,121.8,APAC
SUB-40677,2024-09-24,ACC-2049,Okafor Systems,Pro,6,594,207.9,Europe
SUB-40678,2024-09-16,ACC-2079,Haddad Systems,Enterprise,16,12784,4474.4,Europe
SUB-40679,2024-09-12,ACC-2085,Haddad Group,Business,2,498,174.3,Europe
SUB-40680,2024-09-02,ACC-2055,Garcia Co,Enterprise,6,4794,1677.9,North America
SUB-40681,2024-09-03,ACC-2090,Okafor Co,Starter,16,464,162.4,APAC
SUB-40682,2024-09-03,ACC-2061,Brooks Inc,Starter,3,87,30.45,Europe
SUB-40683,2024-09-03,ACC-2051,Rossi Labs,Pro,11,1089,381.15,LATAM
SUB-40684,2024-09-18,ACC-2037,Okafor Group,Business,4,996,348.6,LATAM
SUB-40685,2024-09-06,ACC-2076,Cohen Group,Enterprise,11,8789,3076.15,North America
SUB-40686,2024-09-16,ACC-2005,Kim Inc,Business,13,3237,1132.95,Europe
SUB-40687,2024-09-07,ACC-2099,Reyes Co,Enterprise,20,15980,5593,APAC
SUB-40688,2024-09-12,ACC-2022,Rossi Labs,Pro,14,1386,485.1,North America
SUB-40689,2024-09-27,ACC-2037,Okafor Group,Enterprise,18,14382,5033.7,North America
SUB-40690,2024-09-23,ACC-2112,Tanaka Group,Enterprise,1,799,279.65,APAC
SUB-40691,2024-09-20,ACC-2016,Kim Group,Pro,4,396,138.6,LATAM
SUB-40692,2024-09-03,ACC-2060,Reyes Co,Starter,17,493,172.55,Europe
SUB-40693,2024-09-03,ACC-2107,Okafor Group,Enterprise,6,4794,1677.9,North America
SUB-40694,2024-09-09,ACC-2087,Cohen Systems,Business,6,1494,522.9,APAC
SUB-40695,2024-09-12,ACC-2075,Brooks Group,Pro,4,396,138.6,Europe
SUB-40696,2024-09-04,ACC-2000,Reyes Group,Enterprise,2,1598,559.3,Europe
SUB-40697,2024-09-05,ACC-2084,Silva Digital,Business,16,3984,1394.4,North America
SUB-40698,2024-09-21,ACC-2007,Silva Labs,Pro,14,1386,485.1,LATAM
SUB-40699,2024-09-01,ACC-2051,Rossi Labs,Business,16,3984,1394.4,LATAM
SUB-40700,2024-09-04,ACC-2113,Patel Labs,Business,5,1245,435.75,LATAM
SUB-40701,2024-09-18,ACC-2118,Tanaka Co,Enterprise,16,12784,4474.4,Europe
SUB-40702,2024-09-24,ACC-2097,Haddad Labs,Pro,11,1089,381.15,Europe
SUB-40703,2024-09-07,ACC-2018,Reyes Group,Pro,14,1386,485.1,North America
SUB-40704,2024-09-06,ACC-2100,Silva Group,Pro,12,1188,415.8,Europe
SUB-40705,2024-09-25,ACC-2090,Okafor Co,Enterprise,4,3196,1118.6,Europe
SUB-40706,2024-09-03,ACC-2112,Tanaka Group,Enterprise,18,14382,5033.7,LATAM
SUB-40707,2024-09-06,ACC-2058,Haddad Group,Pro,17,1683,589.05,APAC
SUB-40708,2024-09-06,ACC-2000,Reyes Group,Enterprise,14,11186,3915.1,Europe
SUB-40709,2024-09-05,ACC-2008,Kim Systems,Pro,8,792,277.2,North America
SUB-40710,2024-09-16,ACC-2075,Brooks Group,Enterprise,13,10387,3635.45,North America
SUB-40711,2024-09-09,ACC-2060,Reyes Co,Starter,8,232,81.2,North America
SUB-40712,2024-09-25,ACC-2035,Kim Systems,Pro,14,1386,485.1,APAC
SUB-40713,2024-09-20,ACC-2037,Okafor Group,Business,18,4482,1568.7,Europe
SUB-40714,2024-09-26,ACC-2093,Garcia Systems,Business,16,3984,1394.4,APAC
SUB-40715,2024-09-10,ACC-2028,Rossi Labs,Pro,3,297,103.95,LATAM
SUB-40716,2024-09-27,ACC-2078,Brooks Labs,Starter,10,290,101.5,LATAM
SUB-40717,2024-09-25,ACC-2115,Haddad Digital,Enterprise,19,15181,5313.35,North America
SUB-40718,2024-09-07,ACC-2112,Tanaka Group,Business,6,1494,522.9,APAC
SUB-40719,2024-09-10,ACC-2096,Haddad Inc,Pro,12,1188,415.8,LATAM
SUB-40720,2024-09-09,ACC-2081,Haddad Group,Pro,3,297,103.95,Europe
SUB-40721,2024-09-01,ACC-2073,Haddad Inc,Pro,17,1683,589.05,North America
SUB-40722,2024-09-07,ACC-2003,Okafor Systems,Pro,11,1089,381.15,North America
SUB-40723,2024-09-16,ACC-2113,Patel Labs,Enterprise,14,11186,3915.1,APAC
SUB-40724,2024-09-11,ACC-2005,Kim Inc,Pro,2,198,69.3,APAC
SUB-40725,2024-09-12,ACC-2077,Reyes Co,Pro,5,495,173.25,North America
SUB-40726,2024-09-12,ACC-2116,Brooks Inc,Pro,9,891,311.85,LATAM
SUB-40727,2024-09-01,ACC-2053,Tanaka Systems,Enterprise,4,3196,1118.6,LATAM
SUB-40728,2024-09-18,ACC-2013,Kim Co,Starter,13,377,131.95,APAC
SUB-40729,2024-09-13,ACC-2103,Silva Labs,Enterprise,12,9588,3355.8,APAC
SUB-40730,2024-09-09,ACC-2013,Kim Co,Enterprise,3,2397,838.95,APAC
SUB-40731,2024-09-03,ACC-2111,Nguyen Group,Pro,17,1683,589.05,LATAM
SUB-40732,2024-09-25,ACC-2035,Kim Systems,Enterprise,2,1598,559.3,APAC
SUB-40733,2024-09-20,ACC-2028,Rossi Labs,Enterprise,4,3196,1118.6,LATAM
SUB-40734,2024-09-05,ACC-2006,Silva Inc,Starter,14,406,142.1,North America
SUB-40735,2024-09-18,ACC-2043,Kim Labs,Enterprise,13,10387,3635.45,LATAM
SUB-40736,2024-09-25,ACC-2089,Garcia Digital,Starter,20,580,203,Europe
SUB-40737,2024-09-05,ACC-2109,Okafor Co,Enterprise,17,13583,4754.05,LATAM
SUB-40738,2024-09-18,ACC-2110,Okafor Labs,Enterprise,1,799,279.65,North America
SUB-40739,2024-09-10,ACC-2117,Patel Group,Pro,14,1386,485.1,Europe
SUB-40740,2024-09-19,ACC-2050,Tanaka Digital,Enterprise,17,13583,4754.05,APAC
SUB-40741,2024-09-09,ACC-2092,Tanaka Group,Starter,9,261,91.35,Europe
SUB-40742,2024-09-18,ACC-2082,Okafor Digital,Business,2,498,174.3,Europe
SUB-40743,2024-09-25,ACC-2005,Kim Inc,Business,17,4233,1481.55,North America
SUB-40744,2024-09-21,ACC-2088,Tanaka Labs,Enterprise,4,3196,1118.6,APAC
SUB-40745,2024-09-20,ACC-2043,Kim Labs,Pro,12,1188,415.8,LATAM
SUB-40746,2024-09-10,ACC-2096,Haddad Inc,Starter,13,377,131.95,APAC
SUB-40747,2024-09-26,ACC-2103,Silva Labs,Pro,17,1683,589.05,APAC
SUB-40748,2024-09-08,ACC-2086,Brooks Inc,Enterprise,13,10387,3635.45,APAC
SUB-40749,2024-09-16,ACC-2098,Haddad Group,Enterprise,1,799,279.65,LATAM
SUB-40750,2024-09-25,ACC-2055,Garcia Co,Business,6,1494,522.9,Europe
SUB-40751,2024-09-05,ACC-2087,Cohen Systems,Pro,4,396,138.6,LATAM
SUB-40752,2024-09-03,ACC-2072,Nguyen Group,Pro,2,198,69.3,North America
SUB-40753,2024-09-23,ACC-2051,Rossi Labs,Pro,13,1287,450.45,North America
SUB-40754,2024-09-09,ACC-2115,Haddad Digital,Starter,8,232,81.2,APAC
SUB-40755,2024-09-08,ACC-2052,Rossi Digital,Starter,4,116,40.6,LATAM
SUB-40756,2024-09-03,ACC-2071,Brooks Digital,Starter,12,348,121.8,LATAM
SUB-40757,2024-09-20,ACC-2116,Brooks Inc,Enterprise,2,1598,559.3,APAC
SUB-40758,2024-09-22,ACC-2104,Cohen Labs,Enterprise,19,15181,5313.35,LATAM
SUB-40759,2024-09-20,ACC-2094,Reyes Group,Business,10,2490,871.5,North America
SUB-40760,2024-09-08,ACC-2088,Tanaka Labs,Pro,16,1584,554.4,North America
SUB-40761,2024-10-12,ACC-2114,Haddad Labs,Pro,20,1980,693,North America
SUB-40762,2024-10-23,ACC-2018,Reyes Group,Pro,14,1386,485.1,APAC
SUB-40763,2024-10-05,ACC-2049,Okafor Systems,Pro,17,1683,589.05,North America
SUB-40764,2024-10-19,ACC-2010,Cohen Group,Enterprise,18,14382,5033.7,North America
SUB-40765,2024-10-26,ACC-2117,Patel Group,Pro,14,1386,485.1,APAC
SUB-40766,2024-10-01,ACC-2057,Patel Digital,Pro,7,693,242.55,Europe
SUB-40767,2024-10-18,ACC-2085,Haddad Group,Business,9,2241,784.35,North America
SUB-40768,2024-10-21,ACC-2013,Kim Co,Pro,12,1188,415.8,Europe
SUB-40769,2024-10-25,ACC-2073,Haddad Inc,Starter,14,406,142.1,APAC
SUB-40770,2024-10-07,ACC-2113,Patel Labs,Business,14,3486,1220.1,North America
SUB-40771,2024-10-26,ACC-2060,Reyes Co,Pro,16,1584,554.4,LATAM
SUB-40772,2024-10-15,ACC-2072,Nguyen Group,Enterprise,13,10387,3635.45,LATAM
SUB-40773,2024-10-13,ACC-2116,Brooks Inc,Business,7,1743,610.05,APAC
SUB-40774,2024-10-25,ACC-2111,Nguyen Group,Pro,3,297,103.95,Europe
SUB-40775,2024-10-23,ACC-2024,Silva Co,Business,19,4731,1655.85,APAC
SUB-40776,2024-10-03,ACC-2037,Okafor Group,Starter,5,145,50.75,North America
SUB-40777,2024-10-14,ACC-2035,Kim Systems,Business,11,2739,958.65,North America
SUB-40778,2024-10-17,ACC-2051,Rossi Labs,Enterprise,6,4794,1677.9,Europe
SUB-40779,2024-10-16,ACC-2032,Silva Labs,Starter,15,435,152.25,Europe
SUB-40780,2024-10-05,ACC-2012,Okafor Group,Starter,13,377,131.95,APAC
SUB-40781,2024-10-08,ACC-2058,Haddad Group,Business,19,4731,1655.85,North America
SUB-40782,2024-10-22,ACC-2043,Kim Labs,Starter,15,435,152.25,LATAM
SUB-40783,2024-10-22,ACC-2095,Kim Systems,Starter,17,493,172.55,North America
SUB-40784,2024-10-04,ACC-2104,Cohen Labs,Business,2,498,174.3,North America
SUB-40785,2024-10-05,ACC-2105,Nguyen Co,Business,6,1494,522.9,North America
SUB-40786,2024-10-09,ACC-2014,Nguyen Co,Enterprise,20,15980,5593,APAC
SUB-40787,2024-10-22,ACC-2057,Patel Digital,Enterprise,14,11186,3915.1,Europe
SUB-40788,2024-10-21,ACC-2091,Cohen Group,Starter,18,522,182.7,Europe
SUB-40789,2024-10-25,ACC-2095,Kim Systems,Business,16,3984,1394.4,LATAM
SUB-40790,2024-10-02,ACC-2064,Okafor Inc,Business,20,4980,1743,LATAM
SUB-40791,2024-10-04,ACC-2011,Reyes Labs,Business,9,2241,784.35,North America
SUB-40792,2024-10-11,ACC-2035,Kim Systems,Business,12,2988,1045.8,Europe
SUB-40793,2024-10-25,ACC-2075,Brooks Group,Starter,6,174,60.9,LATAM
SUB-40794,2024-10-16,ACC-2057,Patel Digital,Business,11,2739,958.65,Europe
SUB-40795,2024-10-23,ACC-2044,Rossi Co,Starter,15,435,152.25,APAC
SUB-40796,2024-10-16,ACC-2091,Cohen Group,Starter,1,29,10.15,LATAM
SUB-40797,2024-10-22,ACC-2082,Okafor Digital,Business,2,498,174.3,Europe
SUB-40798,2024-10-15,ACC-2043,Kim Labs,Starter,3,87,30.45,Europe
SUB-40799,2024-10-03,ACC-2026,Kim Digital,Business,20,4980,1743,North America
SUB-40800,2024-10-22,ACC-2081,Haddad Group,Business,10,2490,871.5,Europe
SUB-40801,2024-10-26,ACC-2089,Garcia Digital,Pro,17,1683,589.05,LATAM
SUB-40802,2024-10-19,ACC-2094,Reyes Group,Business,16,3984,1394.4,APAC
SUB-40803,2024-10-27,ACC-2113,Patel Labs,Starter,13,377,131.95,North America
SUB-40804,2024-10-12,ACC-2018,Reyes Group,Enterprise,15,11985,4194.75,North America
SUB-40805,2024-10-23,ACC-2100,Silva Group,Business,13,3237,1132.95,LATAM
SUB-40806,2024-10-07,ACC-2092,Tanaka Group,Starter,3,87,30.45,Europe
SUB-40807,2024-10-27,ACC-2106,Tanaka Systems,Business,17,4233,1481.55,Europe
SUB-40808,2024-10-10,ACC-2074,Silva Digital,Enterprise,4,3196,1118.6,APAC
SUB-40809,2024-10-01,ACC-2004,Silva Digital,Business,9,2241,784.35,APAC
SUB-40810,2024-10-01,ACC-2087,Cohen Systems,Pro,20,1980,693,APAC
SUB-40811,2024-10-18,ACC-2093,Garcia Systems,Starter,10,290,101.5,North America
SUB-40812,2024-10-04,ACC-2075,Brooks Group,Starter,14,406,142.1,LATAM
SUB-40813,2024-10-13,ACC-2009,Brooks Co,Starter,13,377,131.95,LATAM
SUB-40814,2024-10-04,ACC-2044,Rossi Co,Starter,15,435,152.25,Europe
SUB-40815,2024-10-04,ACC-2016,Kim Group,Enterprise,5,3995,1398.25,North America
SUB-40816,2024-10-07,ACC-2001,Cohen Digital,Pro,16,1584,554.4,Europe
SUB-40817,2024-10-02,ACC-2019,Haddad Co,Starter,14,406,142.1,LATAM
SUB-40818,2024-10-07,ACC-2037,Okafor Group,Enterprise,13,10387,3635.45,APAC
SUB-40819,2024-10-11,ACC-2102,Haddad Inc,Business,13,3237,1132.95,North America
SUB-40820,2024-10-10,ACC-2016,Kim Group,Starter,12,348,121.8,APAC
SUB-40821,2024-10-21,ACC-2060,Reyes Co,Enterprise,14,11186,3915.1,APAC
SUB-40822,2024-10-15,ACC-2107,Okafor Group,Pro,9,891,311.85,APAC
SUB-40823,2024-10-04,ACC-2052,Rossi Digital,Starter,15,435,152.25,LATAM
SUB-40824,2024-10-25,ACC-2003,Okafor Systems,Enterprise,6,4794,1677.9,APAC
SUB-40825,2024-10-20,ACC-2033,Reyes Group,Business,8,1992,697.2,APAC
SUB-40826,2024-10-05,ACC-2079,Haddad Systems,Enterprise,5,3995,1398.25,LATAM
SUB-40827,2024-10-08,ACC-2111,Nguyen Group,Starter,18,522,182.7,North America
SUB-40828,2024-10-13,ACC-2094,Reyes Group,Enterprise,6,4794,1677.9,LATAM
SUB-40829,2024-10-12,ACC-2101,Garcia Digital,Pro,13,1287,450.45,APAC
SUB-40830,2024-10-14,ACC-2075,Brooks Group,Starter,19,551,192.85,North America
SUB-40831,2024-10-16,ACC-2062,Brooks Co,Business,18,4482,1568.7,Europe
SUB-40832,2024-10-21,ACC-2038,Kim Labs,Business,17,4233,1481.55,APAC
SUB-40833,2024-10-03,ACC-2044,Rossi Co,Business,3,747,261.45,North America
SUB-40834,2024-10-08,ACC-2091,Cohen Group,Starter,7,203,71.05,APAC
SUB-40835,2024-10-08,ACC-2041,Kim Inc,Enterprise,1,799,279.65,APAC
SUB-40836,2024-10-14,ACC-2081,Haddad Group,Pro,4,396,138.6,APAC
SUB-40837,2024-10-17,ACC-2083,Silva Co,Starter,3,87,30.45,North America
SUB-40838,2024-10-07,ACC-2108,Kim Co,Business,18,4482,1568.7,APAC
SUB-40839,2024-10-06,ACC-2035,Kim Systems,Pro,6,594,207.9,APAC
SUB-40840,2024-10-12,ACC-2051,Rossi Labs,Enterprise,2,1598,559.3,Europe
SUB-40841,2024-10-20,ACC-2103,Silva Labs,Enterprise,20,15980,5593,North America
SUB-40842,2024-10-23,ACC-2062,Brooks Co,Starter,1,29,10.15,Europe
SUB-40843,2024-10-24,ACC-2008,Kim Systems,Enterprise,6,4794,1677.9,APAC
SUB-40844,2024-10-18,ACC-2029,Nguyen Inc,Business,19,4731,1655.85,APAC
SUB-40845,2024-10-21,ACC-2054,Kim Co,Starter,3,87,30.45,LATAM
SUB-40846,2024-10-25,ACC-2064,Okafor Inc,Business,3,747,261.45,Europe
SUB-40847,2024-10-06,ACC-2042,Silva Inc,Business,16,3984,1394.4,Europe
SUB-40848,2024-10-06,ACC-2076,Cohen Group,Starter,2,58,20.3,Europe
SUB-40849,2024-10-22,ACC-2017,Haddad Co,Starter,19,551,192.85,Europe
SUB-40850,2024-10-15,ACC-2102,Haddad Inc,Pro,6,594,207.9,North America
SUB-40851,2024-10-12,ACC-2073,Haddad Inc,Enterprise,14,11186,3915.1,LATAM
SUB-40852,2024-10-22,ACC-2036,Okafor Inc,Enterprise,16,12784,4474.4,LATAM
SUB-40853,2024-10-11,ACC-2011,Reyes Labs,Business,9,2241,784.35,North America
SUB-40854,2024-11-18,ACC-2072,Nguyen Group,Starter,3,87,30.45,LATAM
SUB-40855,2024-11-17,ACC-2061,Brooks Inc,Pro,15,1485,519.75,North America
SUB-40856,2024-11-11,ACC-2065,Patel Group,Business,14,3486,1220.1,LATAM
SUB-40857,2024-11-22,ACC-2002,Haddad Group,Pro,16,1584,554.4,APAC
SUB-40858,2024-11-24,ACC-2107,Okafor Group,Business,3,747,261.45,LATAM
SUB-40859,2024-11-12,ACC-2017,Haddad Co,Pro,11,1089,381.15,APAC
SUB-40860,2024-11-22,ACC-2119,Cohen Systems,Starter,3,87,30.45,APAC
SUB-40861,2024-11-23,ACC-2054,Kim Co,Pro,11,1089,381.15,APAC
SUB-40862,2024-11-08,ACC-2032,Silva Labs,Enterprise,9,7191,2516.85,APAC
SUB-40863,2024-11-14,ACC-2059,Haddad Group,Pro,16,1584,554.4,North America
SUB-40864,2024-11-06,ACC-2041,Kim Inc,Starter,11,319,111.65,Europe
SUB-40865,2024-11-11,ACC-2006,Silva Inc,Pro,9,891,311.85,LATAM
SUB-40866,2024-11-06,ACC-2103,Silva Labs,Starter,6,174,60.9,Europe
SUB-40867,2024-11-14,ACC-2066,Kim Co,Starter,3,87,30.45,LATAM
SUB-40868,2024-11-12,ACC-2048,Silva Inc,Enterprise,20,15980,5593,North America
SUB-40869,2024-11-22,ACC-2053,Tanaka Systems,Enterprise,16,12784,4474.4,North America
SUB-40870,2024-11-02,ACC-2042,Silva Inc,Starter,17,493,172.55,LATAM
SUB-40871,2024-11-26,ACC-2077,Reyes Co,Starter,7,203,71.05,North America
SUB-40872,2024-11-03,ACC-2012,Okafor Group,Starter,9,261,91.35,North America
SUB-40873,2024-11-03,ACC-2046,Okafor Group,Starter,3,87,30.45,Europe
SUB-40874,2024-11-20,ACC-2023,Garcia Systems,Enterprise,12,9588,3355.8,North America
SUB-40875,2024-11-05,ACC-2072,Nguyen Group,Pro,9,891,311.85,APAC
SUB-40876,2024-11-20,ACC-2046,Okafor Group,Pro,6,594,207.9,North America
SUB-40877,2024-11-10,ACC-2117,Patel Group,Pro,17,1683,589.05,APAC
SUB-40878,2024-11-13,ACC-2057,Patel Digital,Business,14,3486,1220.1,North America
SUB-40879,2024-11-01,ACC-2014,Nguyen Co,Starter,2,58,20.3,LATAM
SUB-40880,2024-11-13,ACC-2062,Brooks Co,Business,14,3486,1220.1,North America
SUB-40881,2024-11-20,ACC-2097,Haddad Labs,Business,11,2739,958.65,APAC
SUB-40882,2024-11-01,ACC-2084,Silva Digital,Business,4,996,348.6,APAC
SUB-40883,2024-11-05,ACC-2009,Brooks Co,Starter,2,58,20.3,LATAM
SUB-40884,2024-11-02,ACC-2061,Brooks Inc,Enterprise,11,8789,3076.15,North America
SUB-40885,2024-11-20,ACC-2021,Patel Group,Enterprise,14,11186,3915.1,APAC
SUB-40886,2024-11-01,ACC-2070,Kim Co,Enterprise,6,4794,1677.9,LATAM
SUB-40887,2024-11-05,ACC-2100,Silva Group,Pro,17,1683,589.05,Europe
SUB-40888,2024-11-06,ACC-2044,Rossi Co,Business,11,2739,958.65,North America
SUB-40889,2024-11-22,ACC-2103,Silva Labs,Business,12,2988,1045.8,LATAM
SUB-40890,2024-11-01,ACC-2038,Kim Labs,Starter,4,116,40.6,Europe
SUB-40891,2024-11-08,ACC-2048,Silva Inc,Pro,3,297,103.95,Europe
SUB-40892,2024-11-11,ACC-2094,Reyes Group,Business,6,1494,522.9,Europe
SUB-40893,2024-11-05,ACC-2018,Reyes Group,Pro,5,495,173.25,LATAM
SUB-40894,2024-11-07,ACC-2083,Silva Co,Starter,12,348,121.8,Europe
SUB-40895,2024-11-18,ACC-2004,Silva Digital,Pro,16,1584,554.4,APAC
SUB-40896,2024-11-18,ACC-2074,Silva Digital,Pro,7,693,242.55,LATAM
SUB-40897,2024-11-10,ACC-2069,Reyes Group,Business,8,1992,697.2,APAC
SUB-40898,2024-11-09,ACC-2061,Brooks Inc,Enterprise,8,6392,2237.2,Europe
SUB-40899,2024-11-26,ACC-2065,Patel Group,Pro,5,495,173.25,North America
SUB-40900,2024-11-14,ACC-2008,Kim Systems,Starter,3,87,30.45,APAC
SUB-40901,2024-11-14,ACC-2032,Silva Labs,Enterprise,7,5593,1957.55,Europe
SUB-40902,2024-11-08,ACC-2029,Nguyen Inc,Business,14,3486,1220.1,APAC
SUB-40903,2024-11-07,ACC-2018,Reyes Group,Pro,14,1386,485.1,LATAM
SUB-40904,2024-11-15,ACC-2115,Haddad Digital,Starter,18,522,182.7,LATAM
SUB-40905,2024-11-21,ACC-2081,Haddad Group,Business,1,249,87.15,APAC
SUB-40906,2024-11-18,ACC-2114,Haddad Labs,Enterprise,14,11186,3915.1,North America
SUB-40907,2024-11-14,ACC-2115,Haddad Digital,Enterprise,17,13583,4754.05,APAC
SUB-40908,2024-11-20,ACC-2066,Kim Co,Business,8,1992,697.2,Europe
SUB-40909,2024-11-22,ACC-2109,Okafor Co,Enterprise,13,10387,3635.45,Europe
SUB-40910,2024-11-13,ACC-2093,Garcia Systems,Starter,7,203,71.05,Europe
SUB-40911,2024-11-07,ACC-2106,Tanaka Systems,Business,13,3237,1132.95,North America
SUB-40912,2024-11-26,ACC-2020,Cohen Inc,Pro,13,1287,450.45,North America
SUB-40913,2024-11-01,ACC-2100,Silva Group,Business,4,996,348.6,North America
SUB-40914,2024-11-02,ACC-2014,Nguyen Co,Enterprise,3,2397,838.95,North America
SUB-40915,2024-11-14,ACC-2041,Kim Inc,Enterprise,8,6392,2237.2,Europe
SUB-40916,2024-11-17,ACC-2119,Cohen Systems,Starter,17,493,172.55,LATAM
SUB-40917,2024-11-17,ACC-2081,Haddad Group,Enterprise,4,3196,1118.6,North America
SUB-40918,2024-11-19,ACC-2075,Brooks Group,Business,2,498,174.3,Europe
SUB-40919,2024-11-17,ACC-2094,Reyes Group,Starter,1,29,10.15,Europe
SUB-40920,2024-11-15,ACC-2009,Brooks Co,Starter,2,58,20.3,North America
SUB-40921,2024-11-13,ACC-2018,Reyes Group,Business,18,4482,1568.7,Europe
SUB-40922,2024-11-17,ACC-2107,Okafor Group,Starter,1,29,10.15,North America
SUB-40923,2024-11-10,ACC-2040,Cohen Co,Pro,1,99,34.65,Europe
SUB-40924,2024-11-26,ACC-2032,Silva Labs,Pro,11,1089,381.15,LATAM
SUB-40925,2024-11-14,ACC-2108,Kim Co,Starter,3,87,30.45,APAC
SUB-40926,2024-11-17,ACC-2011,Reyes Labs,Starter,6,174,60.9,North America
SUB-40927,2024-11-10,ACC-2051,Rossi Labs,Starter,1,29,10.15,APAC
SUB-40928,2024-11-14,ACC-2023,Garcia Systems,Business,8,1992,697.2,APAC
SUB-40929,2024-11-10,ACC-2056,Silva Group,Pro,19,1881,658.35,North America
SUB-40930,2024-11-19,ACC-2083,Silva Co,Business,13,3237,1132.95,APAC
SUB-40931,2024-11-03,ACC-2089,Garcia Digital,Business,8,1992,697.2,Europe
SUB-40932,2024-11-26,ACC-2035,Kim Systems,Enterprise,15,11985,4194.75,LATAM
SUB-40933,2024-11-11,ACC-2051,Rossi Labs,Enterprise,3,2397,838.95,LATAM
SUB-40934,2024-11-10,ACC-2005,Kim Inc,Pro,11,1089,381.15,Europe
SUB-40935,2024-11-04,ACC-2021,Patel Group,Enterprise,3,2397,838.95,North America
SUB-40936,2024-11-25,ACC-2010,Cohen Group,Enterprise,9,7191,2516.85,North America
SUB-40937,2024-11-20,ACC-2117,Patel Group,Starter,5,145,50.75,LATAM
SUB-40938,2024-11-20,ACC-2006,Silva Inc,Pro,6,594,207.9,LATAM
SUB-40939,2024-11-18,ACC-2049,Okafor Systems,Pro,12,1188,415.8,Europe
SUB-40940,2024-11-02,ACC-2023,Garcia Systems,Pro,6,594,207.9,North America
SUB-40941,2024-11-06,ACC-2118,Tanaka Co,Business,16,3984,1394.4,North America
SUB-40942,2024-11-21,ACC-2059,Haddad Group,Pro,10,990,346.5,Europe
SUB-40943,2024-11-02,ACC-2091,Cohen Group,Pro,3,297,103.95,Europe
SUB-40944,2024-11-26,ACC-2076,Cohen Group,Enterprise,18,14382,5033.7,North America
SUB-40945,2024-11-08,ACC-2030,Kim Inc,Starter,5,145,50.75,LATAM
SUB-40946,2024-11-04,ACC-2041,Kim Inc,Enterprise,17,13583,4754.05,North America
SUB-40947,2024-11-08,ACC-2105,Nguyen Co,Enterprise,5,3995,1398.25,North America
SUB-40948,2024-11-01,ACC-2002,Haddad Group,Business,18,4482,1568.7,North America
SUB-40949,2024-11-06,ACC-2063,Silva Systems,Business,17,4233,1481.55,North America
SUB-40950,2024-11-26,ACC-2001,Cohen Digital,Business,7,1743,610.05,Europe
SUB-40951,2024-11-10,ACC-2031,Tanaka Group,Business,17,4233,1481.55,North America
SUB-40952,2024-11-13,ACC-2103,Silva Labs,Business,19,4731,1655.85,APAC
SUB-40953,2024-11-19,ACC-2118,Tanaka Co,Starter,9,261,91.35,LATAM
SUB-40954,2024-11-18,ACC-2067,Patel Group,Business,18,4482,1568.7,North America
SUB-40955,2024-11-25,ACC-2014,Nguyen Co,Enterprise,14,11186,3915.1,Europe
SUB-40956,2024-11-26,ACC-2076,Cohen Group,Business,9,2241,784.35,North America
SUB-40957,2024-11-11,ACC-2021,Patel Group,Pro,6,594,207.9,Europe
SUB-40958,2024-11-21,ACC-2093,Garcia Systems,Enterprise,20,15980,5593,LATAM
SUB-40959,2024-11-14,ACC-2050,Tanaka Digital,Starter,8,232,81.2,North America
SUB-40960,2024-11-24,ACC-2054,Kim Co,Pro,15,1485,519.75,APAC
SUB-40961,2024-12-01,ACC-2100,Silva Group,Enterprise,19,15181,5313.35,North America
SUB-40962,2024-12-18,ACC-2047,Rossi Labs,Business,19,4731,1655.85,Europe
SUB-40963,2024-12-10,ACC-2075,Brooks Group,Pro,1,99,34.65,APAC
SUB-40964,2024-12-08,ACC-2099,Reyes Co,Business,19,4731,1655.85,APAC
SUB-40965,2024-12-14,ACC-2101,Garcia Digital,Business,5,1245,435.75,Europe
SUB-40966,2024-12-22,ACC-2084,Silva Digital,Enterprise,17,13583,4754.05,APAC
SUB-40967,2024-12-04,ACC-2094,Reyes Group,Enterprise,9,7191,2516.85,LATAM
SUB-40968,2024-12-09,ACC-2060,Reyes Co,Pro,10,990,346.5,Europe
SUB-40969,2024-12-14,ACC-2019,Haddad Co,Pro,8,792,277.2,APAC
SUB-40970,2024-12-16,ACC-2063,Silva Systems,Pro,16,1584,554.4,Europe
SUB-40971,2024-12-04,ACC-2003,Okafor Systems,Enterprise,4,3196,1118.6,Europe
SUB-40972,2024-12-23,ACC-2107,Okafor Group,Pro,17,1683,589.05,Europe
SUB-40973,2024-12-07,ACC-2063,Silva Systems,Pro,3,297,103.95,North America
SUB-40974,2024-12-13,ACC-2028,Rossi Labs,Enterprise,12,9588,3355.8,LATAM
SUB-40975,2024-12-05,ACC-2061,Brooks Inc,Starter,18,522,182.7,North America
SUB-40976,2024-12-02,ACC-2017,Haddad Co,Starter,13,377,131.95,Europe
SUB-40977,2024-12-04,ACC-2077,Reyes Co,Enterprise,15,11985,4194.75,LATAM
SUB-40978,2024-12-21,ACC-2039,Rossi Co,Pro,10,990,346.5,APAC
SUB-40979,2024-12-01,ACC-2054,Kim Co,Pro,9,891,311.85,Europe
SUB-40980,2024-12-09,ACC-2082,Okafor Digital,Pro,10,990,346.5,LATAM
SUB-40981,2024-12-23,ACC-2004,Silva Digital,Pro,3,297,103.95,Europe
SUB-40982,2024-12-05,ACC-2071,Brooks Digital,Starter,14,406,142.1,North America
SUB-40983,2024-12-15,ACC-2078,Brooks Labs,Starter,13,377,131.95,North America
SUB-40984,2024-12-22,ACC-2058,Haddad Group,Enterprise,20,15980,5593,Europe
SUB-40985,2024-12-11,ACC-2035,Kim Systems,Pro,10,990,346.5,North America
SUB-40986,2024-12-16,ACC-2011,Reyes Labs,Pro,12,1188,415.8,LATAM
SUB-40987,2024-12-11,ACC-2093,Garcia Systems,Enterprise,6,4794,1677.9,LATAM
SUB-40988,2024-12-23,ACC-2008,Kim Systems,Starter,14,406,142.1,Europe
SUB-40989,2024-12-04,ACC-2046,Okafor Group,Starter,11,319,111.65,North America
SUB-40990,2024-12-11,ACC-2040,Cohen Co,Enterprise,8,6392,2237.2,North America
SUB-40991,2024-12-14,ACC-2000,Reyes Group,Enterprise,17,13583,4754.05,APAC
SUB-40992,2024-12-02,ACC-2110,Okafor Labs,Pro,7,693,242.55,LATAM
SUB-40993,2024-12-10,ACC-2066,Kim Co,Business,9,2241,784.35,LATAM
SUB-40994,2024-12-05,ACC-2010,Cohen Group,Pro,11,1089,381.15,APAC
SUB-40995,2024-12-22,ACC-2102,Haddad Inc,Business,3,747,261.45,North America
SUB-40996,2024-12-19,ACC-2060,Reyes Co,Pro,10,990,346.5,LATAM
SUB-40997,2024-12-27,ACC-2022,Rossi Labs,Business,8,1992,697.2,LATAM
SUB-40998,2024-12-08,ACC-2058,Haddad Group,Pro,3,297,103.95,APAC
SUB-40999,2024-12-20,ACC-2014,Nguyen Co,Business,8,1992,697.2,North America
SUB-41000,2024-12-12,ACC-2108,Kim Co,Business,20,4980,1743,APAC
SUB-41001,2024-12-20,ACC-2056,Silva Group,Starter,19,551,192.85,North America
SUB-41002,2024-12-08,ACC-2062,Brooks Co,Pro,15,1485,519.75,LATAM
SUB-41003,2024-12-17,ACC-2019,Haddad Co,Business,3,747,261.45,APAC
SUB-41004,2024-12-03,ACC-2026,Kim Digital,Enterprise,11,8789,3076.15,APAC
SUB-41005,2024-12-15,ACC-2086,Brooks Inc,Business,20,4980,1743,APAC
SUB-41006,2024-12-20,ACC-2000,Reyes Group,Enterprise,12,9588,3355.8,APAC
SUB-41007,2024-12-12,ACC-2095,Kim Systems,Starter,6,174,60.9,North America
SUB-41008,2024-12-17,ACC-2022,Rossi Labs,Business,14,3486,1220.1,LATAM
SUB-41009,2024-12-26,ACC-2079,Haddad Systems,Pro,18,1782,623.7,APAC
SUB-41010,2024-12-11,ACC-2088,Tanaka Labs,Starter,1,29,10.15,North America
SUB-41011,2024-12-19,ACC-2107,Okafor Group,Starter,2,58,20.3,North America
SUB-41012,2024-12-19,ACC-2047,Rossi Labs,Enterprise,15,11985,4194.75,LATAM
SUB-41013,2024-12-12,ACC-2028,Rossi Labs,Business,20,4980,1743,Europe
SUB-41014,2024-12-21,ACC-2097,Haddad Labs,Business,6,1494,522.9,APAC
SUB-41015,2024-12-04,ACC-2097,Haddad Labs,Enterprise,13,10387,3635.45,APAC
SUB-41016,2024-12-15,ACC-2005,Kim Inc,Business,3,747,261.45,APAC
SUB-41017,2024-12-24,ACC-2051,Rossi Labs,Starter,16,464,162.4,APAC
SUB-41018,2024-12-05,ACC-2069,Reyes Group,Business,13,3237,1132.95,Europe
SUB-41019,2024-12-21,ACC-2041,Kim Inc,Business,10,2490,871.5,Europe
SUB-41020,2024-12-04,ACC-2089,Garcia Digital,Pro,17,1683,589.05,North America
SUB-41021,2024-12-02,ACC-2113,Patel Labs,Pro,20,1980,693,LATAM
SUB-41022,2024-12-27,ACC-2107,Okafor Group,Pro,20,1980,693,APAC
SUB-41023,2024-12-01,ACC-2034,Okafor Digital,Business,10,2490,871.5,Europe
SUB-41024,2024-12-06,ACC-2081,Haddad Group,Business,3,747,261.45,APAC
SUB-41025,2024-12-10,ACC-2093,Garcia Systems,Business,7,1743,610.05,LATAM
SUB-41026,2024-12-10,ACC-2039,Rossi Co,Business,17,4233,1481.55,LATAM
SUB-41027,2024-12-22,ACC-2097,Haddad Labs,Pro,16,1584,554.4,APAC
SUB-41028,2024-12-27,ACC-2016,Kim Group,Starter,2,58,20.3,APAC
SUB-41029,2024-12-10,ACC-2043,Kim Labs,Business,6,1494,522.9,North America
SUB-41030,2024-12-17,ACC-2022,Rossi Labs,Pro,3,297,103.95,Europe
SUB-41031,2024-12-20,ACC-2002,Haddad Group,Enterprise,1,799,279.65,North America
SUB-41032,2024-12-26,ACC-2055,Garcia Co,Starter,2,58,20.3,APAC
SUB-41033,2024-12-22,ACC-2091,Cohen Group,Pro,9,891,311.85,APAC
SUB-41034,2024-12-22,ACC-2027,Okafor Digital,Enterprise,11,8789,3076.15,LATAM
SUB-41035,2024-12-12,ACC-2100,Silva Group,Starter,7,203,71.05,North America
SUB-41036,2024-12-23,ACC-2017,Haddad Co,Enterprise,4,3196,1118.6,APAC
SUB-41037,2024-12-15,ACC-2116,Brooks Inc,Business,5,1245,435.75,Europe
SUB-41038,2024-12-17,ACC-2111,Nguyen Group,Business,7,1743,610.05,Europe
SUB-41039,2024-12-24,ACC-2090,Okafor Co,Enterprise,13,10387,3635.45,LATAM
SUB-41040,2024-12-20,ACC-2060,Reyes Co,Enterprise,8,6392,2237.2,APAC
SUB-41041,2024-12-13,ACC-2031,Tanaka Group,Pro,15,1485,519.75,North America
SUB-41042,2024-12-02,ACC-2038,Kim Labs,Business,8,1992,697.2,North America
SUB-41043,2024-12-23,ACC-2115,Haddad Digital,Enterprise,18,14382,5033.7,LATAM
SUB-41044,2024-12-11,ACC-2115,Haddad Digital,Starter,20,580,203,APAC
SUB-41045,2024-12-17,ACC-2060,Reyes Co,Starter,11,319,111.65,APAC
SUB-41046,2024-12-14,ACC-2027,Okafor Digital,Starter,6,174,60.9,LATAM
SUB-41047,2024-12-26,ACC-2056,Silva Group,Business,4,996,348.6,Europe
SUB-41048,2024-12-27,ACC-2087,Cohen Systems,Pro,17,1683,589.05,Europe
SUB-41049,2024-12-02,ACC-2071,Brooks Digital,Enterprise,5,3995,1398.25,North America
SUB-41050,2024-12-12,ACC-2042,Silva Inc,Business,2,498,174.3,APAC
SUB-41051,2024-12-16,ACC-2072,Nguyen Group,Enterprise,5,3995,1398.25,LATAM
SUB-41052,2024-12-02,ACC-2102,Haddad Inc,Business,20,4980,1743,North America
SUB-41053,2024-12-19,ACC-2100,Silva Group,Business,7,1743,610.05,Europe
SUB-41054,2024-12-12,ACC-2091,Cohen Group,Pro,8,792,277.2,APAC
SUB-41055,2024-12-25,ACC-2074,Silva Digital,Starter,6,174,60.9,APAC
SUB-41056,2024-12-23,ACC-2091,Cohen Group,Pro,3,297,103.95,APAC
SUB-41057,2024-12-07,ACC-2054,Kim Co,Starter,6,174,60.9,Europe
SUB-41058,2024-12-07,ACC-2091,Cohen Group,Business,14,3486,1220.1,LATAM
SUB-41059,2024-12-12,ACC-2051,Rossi Labs,Business,12,2988,1045.8,APAC
SUB-41060,2024-12-07,ACC-2042,Silva Inc,Pro,14,1386,485.1,Europe
SUB-41061,2024-12-09,ACC-2115,Haddad Digital,Pro,17,1683,589.05,LATAM
SUB-41062,2024-12-07,ACC-2107,Okafor Group,Starter,8,232,81.2,LATAM
SUB-41063,2024-12-08,ACC-2083,Silva Co,Starter,8,232,81.2,North America
SUB-41064,2025-01-15,ACC-2089,Garcia Digital,Pro,2,198,69.3,LATAM
SUB-41065,2025-01-26,ACC-2021,Patel Group,Pro,17,1683,589.05,LATAM
SUB-41066,2025-01-14,ACC-2115,Haddad Digital,Business,8,1992,697.2,North America
SUB-41067,2025-01-05,ACC-2023,Garcia Systems,Enterprise,17,13583,4754.05,LATAM
SUB-41068,2025-01-08,ACC-2023,Garcia Systems,Starter,14,406,142.1,LATAM
SUB-41069,2025-01-12,ACC-2079,Haddad Systems,Business,16,3984,1394.4,LATAM
SUB-41070,2025-01-07,ACC-2066,Kim Co,Business,7,1743,610.05,APAC
SUB-41071,2025-01-15,ACC-2071,Brooks Digital,Business,13,3237,1132.95,LATAM
SUB-41072,2025-01-07,ACC-2050,Tanaka Digital,Business,9,2241,784.35,North America
SUB-41073,2025-01-09,ACC-2015,Haddad Inc,Business,20,4980,1743,North America
SUB-41074,2025-01-14,ACC-2068,Kim Inc,Enterprise,14,11186,3915.1,LATAM
SUB-41075,2025-01-02,ACC-2000,Reyes Group,Starter,20,580,203,APAC
SUB-41076,2025-01-01,ACC-2091,Cohen Group,Starter,19,551,192.85,Europe
SUB-41077,2025-01-27,ACC-2107,Okafor Group,Pro,5,495,173.25,Europe
SUB-41078,2025-01-17,ACC-2102,Haddad Inc,Pro,12,1188,415.8,LATAM
SUB-41079,2025-01-27,ACC-2077,Reyes Co,Enterprise,5,3995,1398.25,LATAM
SUB-41080,2025-01-22,ACC-2009,Brooks Co,Pro,4,396,138.6,Europe
SUB-41081,2025-01-04,ACC-2009,Brooks Co,Enterprise,12,9588,3355.8,APAC
SUB-41082,2025-01-23,ACC-2011,Reyes Labs,Business,18,4482,1568.7,LATAM
SUB-41083,2025-01-21,ACC-2106,Tanaka Systems,Business,5,1245,435.75,LATAM
SUB-41084,2025-01-17,ACC-2111,Nguyen Group,Business,5,1245,435.75,APAC
SUB-41085,2025-01-07,ACC-2002,Haddad Group,Pro,7,693,242.55,Europe
SUB-41086,2025-01-02,ACC-2056,Silva Group,Pro,14,1386,485.1,Europe
SUB-41087,2025-01-01,ACC-2066,Kim Co,Pro,5,495,173.25,LATAM
SUB-41088,2025-01-06,ACC-2053,Tanaka Systems,Pro,8,792,277.2,APAC
SUB-41089,2025-01-13,ACC-2038,Kim Labs,Pro,11,1089,381.15,LATAM
SUB-41090,2025-01-10,ACC-2038,Kim Labs,Enterprise,8,6392,2237.2,North America
SUB-41091,2025-01-12,ACC-2050,Tanaka Digital,Starter,1,29,10.15,North America
SUB-41092,2025-01-14,ACC-2105,Nguyen Co,Enterprise,14,11186,3915.1,APAC
SUB-41093,2025-01-27,ACC-2060,Reyes Co,Business,4,996,348.6,APAC
SUB-41094,2025-01-03,ACC-2082,Okafor Digital,Business,3,747,261.45,LATAM
SUB-41095,2025-01-26,ACC-2034,Okafor Digital,Business,18,4482,1568.7,APAC
SUB-41096,2025-01-15,ACC-2048,Silva Inc,Enterprise,3,2397,838.95,Europe
SUB-41097,2025-01-14,ACC-2033,Reyes Group,Enterprise,8,6392,2237.2,LATAM
SUB-41098,2025-01-16,ACC-2062,Brooks Co,Starter,11,319,111.65,North America
SUB-41099,2025-01-08,ACC-2022,Rossi Labs,Enterprise,12,9588,3355.8,North America
SUB-41100,2025-01-06,ACC-2091,Cohen Group,Enterprise,10,7990,2796.5,LATAM
SUB-41101,2025-01-25,ACC-2087,Cohen Systems,Starter,3,87,30.45,North America
SUB-41102,2025-01-15,ACC-2111,Nguyen Group,Business,2,498,174.3,Europe
SUB-41103,2025-01-26,ACC-2002,Haddad Group,Pro,15,1485,519.75,LATAM
SUB-41104,2025-01-02,ACC-2050,Tanaka Digital,Pro,15,1485,519.75,APAC
SUB-41105,2025-01-20,ACC-2052,Rossi Digital,Starter,14,406,142.1,Europe
SUB-41106,2025-01-26,ACC-2032,Silva Labs,Business,18,4482,1568.7,North America
SUB-41107,2025-01-20,ACC-2011,Reyes Labs,Pro,10,990,346.5,LATAM
SUB-41108,2025-01-21,ACC-2102,Haddad Inc,Pro,4,396,138.6,Europe
SUB-41109,2025-01-17,ACC-2104,Cohen Labs,Pro,4,396,138.6,Europe
SUB-41110,2025-01-01,ACC-2034,Okafor Digital,Enterprise,1,799,279.65,North America
SUB-41111,2025-01-04,ACC-2075,Brooks Group,Enterprise,2,1598,559.3,Europe
SUB-41112,2025-01-18,ACC-2012,Okafor Group,Business,4,996,348.6,APAC
SUB-41113,2025-01-13,ACC-2046,Okafor Group,Pro,7,693,242.55,Europe
SUB-41114,2025-01-15,ACC-2102,Haddad Inc,Enterprise,20,15980,5593,North America
SUB-41115,2025-01-24,ACC-2071,Brooks Digital,Enterprise,5,3995,1398.25,North America
SUB-41116,2025-01-07,ACC-2039,Rossi Co,Enterprise,19,15181,5313.35,APAC
SUB-41117,2025-01-27,ACC-2116,Brooks Inc,Enterprise,8,6392,2237.2,LATAM
SUB-41118,2025-01-10,ACC-2010,Cohen Group,Enterprise,13,10387,3635.45,LATAM
SUB-41119,2025-01-16,ACC-2047,Rossi Labs,Starter,12,348,121.8,Europe
SUB-41120,2025-01-25,ACC-2118,Tanaka Co,Pro,18,1782,623.7,Europe
SUB-41121,2025-01-17,ACC-2103,Silva Labs,Pro,19,1881,658.35,North America
SUB-41122,2025-01-08,ACC-2016,Kim Group,Starter,2,58,20.3,Europe
SUB-41123,2025-01-19,ACC-2017,Haddad Co,Enterprise,5,3995,1398.25,Europe
SUB-41124,2025-01-16,ACC-2024,Silva Co,Pro,16,1584,554.4,North America
SUB-41125,2025-01-20,ACC-2041,Kim Inc,Pro,4,396,138.6,APAC
SUB-41126,2025-01-11,ACC-2039,Rossi Co,Pro,8,792,277.2,Europe
SUB-41127,2025-01-18,ACC-2101,Garcia Digital,Enterprise,18,14382,5033.7,Europe
SUB-41128,2025-01-02,ACC-2051,Rossi Labs,Business,16,3984,1394.4,APAC
SUB-41129,2025-01-23,ACC-2087,Cohen Systems,Pro,9,891,311.85,Europe
SUB-41130,2025-01-05,ACC-2072,Nguyen Group,Starter,13,377,131.95,APAC
SUB-41131,2025-01-17,ACC-2107,Okafor Group,Business,4,996,348.6,LATAM
SUB-41132,2025-01-03,ACC-2005,Kim Inc,Business,16,3984,1394.4,LATAM
SUB-41133,2025-01-19,ACC-2079,Haddad Systems,Enterprise,17,13583,4754.05,APAC
SUB-41134,2025-01-25,ACC-2010,Cohen Group,Pro,12,1188,415.8,LATAM
SUB-41135,2025-01-03,ACC-2013,Kim Co,Starter,17,493,172.55,Europe
SUB-41136,2025-01-19,ACC-2066,Kim Co,Business,12,2988,1045.8,Europe
SUB-41137,2025-01-26,ACC-2039,Rossi Co,Enterprise,6,4794,1677.9,LATAM
SUB-41138,2025-01-11,ACC-2065,Patel Group,Pro,11,1089,381.15,Europe
SUB-41139,2025-01-22,ACC-2050,Tanaka Digital,Enterprise,11,8789,3076.15,Europe
SUB-41140,2025-01-27,ACC-2099,Reyes Co,Starter,14,406,142.1,North America
SUB-41141,2025-01-10,ACC-2101,Garcia Digital,Business,6,1494,522.9,APAC
SUB-41142,2025-01-02,ACC-2071,Brooks Digital,Pro,11,1089,381.15,North America
SUB-41143,2025-01-08,ACC-2012,Okafor Group,Pro,16,1584,554.4,North America
SUB-41144,2025-01-06,ACC-2119,Cohen Systems,Enterprise,7,5593,1957.55,North America
SUB-41145,2025-01-18,ACC-2065,Patel Group,Starter,17,493,172.55,Europe
SUB-41146,2025-01-21,ACC-2022,Rossi Labs,Enterprise,3,2397,838.95,APAC
SUB-41147,2025-01-20,ACC-2063,Silva Systems,Enterprise,9,7191,2516.85,North America
SUB-41148,2025-01-23,ACC-2010,Cohen Group,Pro,12,1188,415.8,Europe
SUB-41149,2025-01-04,ACC-2118,Tanaka Co,Business,6,1494,522.9,North America
SUB-41150,2025-01-08,ACC-2098,Haddad Group,Pro,3,297,103.95,North America
SUB-41151,2025-01-18,ACC-2078,Brooks Labs,Pro,9,891,311.85,LATAM
SUB-41152,2025-01-01,ACC-2096,Haddad Inc,Starter,6,174,60.9,APAC
SUB-41153,2025-01-26,ACC-2012,Okafor Group,Starter,6,174,60.9,LATAM
SUB-41154,2025-01-02,ACC-2081,Haddad Group,Pro,18,1782,623.7,North America
SUB-41155,2025-01-25,ACC-2007,Silva Labs,Pro,4,396,138.6,North America
SUB-41156,2025-01-19,ACC-2104,Cohen Labs,Enterprise,7,5593,1957.55,Europe
SUB-41157,2025-01-20,ACC-2048,Silva Inc,Business,10,2490,871.5,LATAM
SUB-41158,2025-01-27,ACC-2049,Okafor Systems,Pro,2,198,69.3,LATAM
SUB-41159,2025-01-01,ACC-2017,Haddad Co,Starter,19,551,192.85,North America
SUB-41160,2025-01-03,ACC-2083,Silva Co,Starter,7,203,71.05,North America
SUB-41161,2025-01-20,ACC-2050,Tanaka Digital,Enterprise,20,15980,5593,APAC
SUB-41162,2025-01-08,ACC-2030,Kim Inc,Pro,11,1089,381.15,LATAM
SUB-41163,2025-01-08,ACC-2051,Rossi Labs,Business,19,4731,1655.85,North America
SUB-41164,2025-01-05,ACC-2097,Haddad Labs,Pro,4,396,138.6,APAC
SUB-41165,2025-01-03,ACC-2060,Reyes Co,Business,2,498,174.3,APAC
SUB-41166,2025-01-04,ACC-2033,Reyes Group,Starter,4,116,40.6,APAC
SUB-41167,2025-01-21,ACC-2049,Okafor Systems,Starter,1,29,10.15,Europe
SUB-41168,2025-01-23,ACC-2076,Cohen Group,Enterprise,19,15181,5313.35,APAC
SUB-41169,2025-01-18,ACC-2048,Silva Inc,Business,7,1743,610.05,APAC
SUB-41170,2025-01-11,ACC-2075,Brooks Group,Starter,20,580,203,Europe
SUB-41171,2025-01-16,ACC-2052,Rossi Digital,Enterprise,2,1598,559.3,APAC
SUB-41172,2025-01-08,ACC-2117,Patel Group,Business,6,1494,522.9,North America
SUB-41173,2025-02-14,ACC-2051,Rossi Labs,Business,18,4482,1568.7,APAC
SUB-41174,2025-02-02,ACC-2075,Brooks Group,Pro,8,792,277.2,APAC
SUB-41175,2025-02-24,ACC-2093,Garcia Systems,Pro,15,1485,519.75,LATAM
SUB-41176,2025-02-19,ACC-2069,Reyes Group,Pro,14,1386,485.1,APAC
SUB-41177,2025-02-21,ACC-2102,Haddad Inc,Enterprise,6,4794,1677.9,North America
SUB-41178,2025-02-02,ACC-2077,Reyes Co,Pro,8,792,277.2,APAC
SUB-41179,2025-02-16,ACC-2092,Tanaka Group,Starter,13,377,131.95,APAC
SUB-41180,2025-02-27,ACC-2100,Silva Group,Starter,14,406,142.1,Europe
SUB-41181,2025-02-10,ACC-2043,Kim Labs,Pro,3,297,103.95,LATAM
SUB-41182,2025-02-25,ACC-2066,Kim Co,Starter,10,290,101.5,North America
SUB-41183,2025-02-20,ACC-2046,Okafor Group,Starter,7,203,71.05,North America
SUB-41184,2025-02-26,ACC-2062,Brooks Co,Business,3,747,261.45,APAC
SUB-41185,2025-02-27,ACC-2037,Okafor Group,Enterprise,13,10387,3635.45,APAC
SUB-41186,2025-02-16,ACC-2020,Cohen Inc,Enterprise,16,12784,4474.4,LATAM
SUB-41187,2025-02-07,ACC-2066,Kim Co,Pro,8,792,277.2,APAC
SUB-41188,2025-02-01,ACC-2104,Cohen Labs,Enterprise,18,14382,5033.7,APAC
SUB-41189,2025-02-27,ACC-2006,Silva Inc,Enterprise,8,6392,2237.2,APAC
SUB-41190,2025-02-02,ACC-2093,Garcia Systems,Enterprise,7,5593,1957.55,LATAM
SUB-41191,2025-02-17,ACC-2019,Haddad Co,Pro,6,594,207.9,North America
SUB-41192,2025-02-01,ACC-2007,Silva Labs,Pro,13,1287,450.45,APAC
SUB-41193,2025-02-02,ACC-2006,Silva Inc,Pro,11,1089,381.15,LATAM
SUB-41194,2025-02-25,ACC-2076,Cohen Group,Pro,4,396,138.6,Europe
SUB-41195,2025-02-27,ACC-2068,Kim Inc,Starter,6,174,60.9,LATAM
SUB-41196,2025-02-15,ACC-2007,Silva Labs,Pro,1,99,34.65,Europe
SUB-41197,2025-02-15,ACC-2111,Nguyen Group,Enterprise,17,13583,4754.05,Europe
SUB-41198,2025-02-15,ACC-2014,Nguyen Co,Business,16,3984,1394.4,APAC
SUB-41199,2025-02-15,ACC-2061,Brooks Inc,Pro,10,990,346.5,Europe
SUB-41200,2025-02-17,ACC-2047,Rossi Labs,Enterprise,10,7990,2796.5,Europe
SUB-41201,2025-02-09,ACC-2048,Silva Inc,Starter,19,551,192.85,APAC
SUB-41202,2025-02-23,ACC-2027,Okafor Digital,Starter,7,203,71.05,Europe
SUB-41203,2025-02-17,ACC-2012,Okafor Group,Enterprise,10,7990,2796.5,North America
SUB-41204,2025-02-09,ACC-2061,Brooks Inc,Enterprise,1,799,279.65,APAC
SUB-41205,2025-02-04,ACC-2116,Brooks Inc,Enterprise,6,4794,1677.9,LATAM
SUB-41206,2025-02-11,ACC-2055,Garcia Co,Pro,20,1980,693,Europe
SUB-41207,2025-02-18,ACC-2033,Reyes Group,Business,3,747,261.45,North America
SUB-41208,2025-02-25,ACC-2034,Okafor Digital,Enterprise,14,11186,3915.1,LATAM
SUB-41209,2025-02-14,ACC-2112,Tanaka Group,Pro,8,792,277.2,LATAM
SUB-41210,2025-02-09,ACC-2068,Kim Inc,Enterprise,9,7191,2516.85,Europe
SUB-41211,2025-02-16,ACC-2079,Haddad Systems,Pro,7,693,242.55,Europe
SUB-41212,2025-02-17,ACC-2103,Silva Labs,Enterprise,11,8789,3076.15,Europe
SUB-41213,2025-02-15,ACC-2040,Cohen Co,Starter,3,87,30.45,North America
SUB-41214,2025-02-15,ACC-2021,Patel Group,Enterprise,20,15980,5593,APAC
SUB-41215,2025-02-19,ACC-2030,Kim Inc,Starter,13,377,131.95,APAC
SUB-41216,2025-02-06,ACC-2109,Okafor Co,Enterprise,6,4794,1677.9,APAC
SUB-41217,2025-02-20,ACC-2072,Nguyen Group,Enterprise,18,14382,5033.7,Europe
SUB-41218,2025-02-26,ACC-2001,Cohen Digital,Pro,12,1188,415.8,LATAM
SUB-41219,2025-02-08,ACC-2013,Kim Co,Enterprise,9,7191,2516.85,Europe
SUB-41220,2025-02-16,ACC-2010,Cohen Group,Pro,20,1980,693,APAC
SUB-41221,2025-02-09,ACC-2028,Rossi Labs,Enterprise,6,4794,1677.9,Europe
SUB-41222,2025-02-12,ACC-2008,Kim Systems,Starter,10,290,101.5,North America
SUB-41223,2025-02-04,ACC-2027,Okafor Digital,Business,19,4731,1655.85,North America
SUB-41224,2025-02-01,ACC-2103,Silva Labs,Business,3,747,261.45,LATAM
SUB-41225,2025-02-10,ACC-2062,Brooks Co,Starter,5,145,50.75,North America
SUB-41226,2025-02-06,ACC-2047,Rossi Labs,Starter,9,261,91.35,APAC
SUB-41227,2025-02-24,ACC-2038,Kim Labs,Pro,10,990,346.5,North America
SUB-41228,2025-02-14,ACC-2065,Patel Group,Enterprise,2,1598,559.3,APAC
SUB-41229,2025-02-08,ACC-2089,Garcia Digital,Starter,20,580,203,Europe
SUB-41230,2025-02-16,ACC-2118,Tanaka Co,Starter,18,522,182.7,North America
SUB-41231,2025-02-05,ACC-2002,Haddad Group,Pro,20,1980,693,Europe
SUB-41232,2025-02-13,ACC-2049,Okafor Systems,Pro,18,1782,623.7,APAC
SUB-41233,2025-02-11,ACC-2004,Silva Digital,Business,6,1494,522.9,APAC
SUB-41234,2025-02-06,ACC-2016,Kim Group,Business,1,249,87.15,LATAM
SUB-41235,2025-02-23,ACC-2105,Nguyen Co,Enterprise,19,15181,5313.35,APAC
SUB-41236,2025-02-27,ACC-2010,Cohen Group,Pro,12,1188,415.8,North America
SUB-41237,2025-02-06,ACC-2107,Okafor Group,Business,16,3984,1394.4,LATAM
SUB-41238,2025-02-14,ACC-2106,Tanaka Systems,Pro,7,693,242.55,North America
SUB-41239,2025-02-01,ACC-2096,Haddad Inc,Enterprise,4,3196,1118.6,North America
SUB-41240,2025-02-01,ACC-2072,Nguyen Group,Enterprise,11,8789,3076.15,North America
SUB-41241,2025-02-07,ACC-2105,Nguyen Co,Business,19,4731,1655.85,Europe
SUB-41242,2025-02-01,ACC-2032,Silva Labs,Enterprise,3,2397,838.95,Europe
SUB-41243,2025-02-11,ACC-2014,Nguyen Co,Pro,14,1386,485.1,North America
SUB-41244,2025-02-16,ACC-2040,Cohen Co,Starter,1,29,10.15,North America
SUB-41245,2025-02-09,ACC-2116,Brooks Inc,Starter,5,145,50.75,Europe
SUB-41246,2025-02-19,ACC-2021,Patel Group,Starter,6,174,60.9,APAC
SUB-41247,2025-02-12,ACC-2059,Haddad Group,Starter,13,377,131.95,LATAM
SUB-41248,2025-02-17,ACC-2074,Silva Digital,Enterprise,15,11985,4194.75,Europe
SUB-41249,2025-02-05,ACC-2078,Brooks Labs,Enterprise,8,6392,2237.2,Europe
SUB-41250,2025-02-04,ACC-2070,Kim Co,Starter,1,29,10.15,APAC
SUB-41251,2025-02-07,ACC-2041,Kim Inc,Enterprise,9,7191,2516.85,APAC
SUB-41252,2025-02-14,ACC-2021,Patel Group,Starter,20,580,203,Europe
SUB-41253,2025-02-22,ACC-2077,Reyes Co,Pro,18,1782,623.7,LATAM
SUB-41254,2025-02-12,ACC-2073,Haddad Inc,Business,3,747,261.45,APAC
SUB-41255,2025-02-19,ACC-2025,Silva Group,Enterprise,15,11985,4194.75,LATAM
SUB-41256,2025-02-03,ACC-2042,Silva Inc,Pro,9,891,311.85,APAC
SUB-41257,2025-02-20,ACC-2063,Silva Systems,Enterprise,12,9588,3355.8,APAC
SUB-41258,2025-02-22,ACC-2104,Cohen Labs,Starter,11,319,111.65,APAC
SUB-41259,2025-02-20,ACC-2041,Kim Inc,Enterprise,14,11186,3915.1,LATAM
SUB-41260,2025-02-26,ACC-2050,Tanaka Digital,Starter,16,464,162.4,APAC
SUB-41261,2025-02-13,ACC-2054,Kim Co,Enterprise,10,7990,2796.5,North America
SUB-41262,2025-02-10,ACC-2074,Silva Digital,Pro,10,990,346.5,Europe
SUB-41263,2025-02-24,ACC-2054,Kim Co,Pro,5,495,173.25,LATAM
SUB-41264,2025-02-10,ACC-2114,Haddad Labs,Starter,5,145,50.75,APAC
SUB-41265,2025-02-19,ACC-2011,Reyes Labs,Enterprise,3,2397,838.95,LATAM
SUB-41266,2025-02-08,ACC-2105,Nguyen Co,Enterprise,3,2397,838.95,Europe
SUB-41267,2025-02-09,ACC-2088,Tanaka Labs,Enterprise,8,6392,2237.2,North America
SUB-41268,2025-02-17,ACC-2012,Okafor Group,Pro,6,594,207.9,LATAM
SUB-41269,2025-02-02,ACC-2078,Brooks Labs,Enterprise,7,5593,1957.55,APAC
SUB-41270,2025-02-14,ACC-2109,Okafor Co,Pro,11,1089,381.15,North America
SUB-41271,2025-02-11,ACC-2110,Okafor Labs,Starter,5,145,50.75,Europe
SUB-41272,2025-02-11,ACC-2098,Haddad Group,Starter,11,319,111.65,APAC
SUB-41273,2025-02-27,ACC-2048,Silva Inc,Starter,14,406,142.1,Europe
SUB-41274,2025-02-26,ACC-2078,Brooks Labs,Starter,20,580,203,APAC
SUB-41275,2025-02-05,ACC-2018,Reyes Group,Enterprise,6,4794,1677.9,LATAM
SUB-41276,2025-02-13,ACC-2055,Garcia Co,Starter,17,493,172.55,APAC
SUB-41277,2025-02-24,ACC-2048,Silva Inc,Enterprise,7,5593,1957.55,APAC
SUB-41278,2025-02-14,ACC-2087,Cohen Systems,Business,13,3237,1132.95,Europe
SUB-41279,2025-02-19,ACC-2054,Kim Co,Starter,3,87,30.45,Europe
SUB-41280,2025-02-23,ACC-2030,Kim Inc,Pro,13,1287,450.45,North America
SUB-41281,2025-02-15,ACC-2116,Brooks Inc,Business,12,2988,1045.8,North America
SUB-41282,2025-02-24,ACC-2075,Brooks Group,Starter,4,116,40.6,LATAM
SUB-41283,2025-02-25,ACC-2027,Okafor Digital,Starter,18,522,182.7,North America
SUB-41284,2025-02-07,ACC-2024,Silva Co,Pro,6,594,207.9,Europe
SUB-41285,2025-02-22,ACC-2052,Rossi Digital,Starter,17,493,172.55,APAC
SUB-41286,2025-02-14,ACC-2026,Kim Digital,Business,19,4731,1655.85,LATAM
SUB-41287,2025-02-08,ACC-2041,Kim Inc,Enterprise,13,10387,3635.45,LATAM
SUB-41288,2025-02-06,ACC-2001,Cohen Digital,Enterprise,12,9588,3355.8,North America
SUB-41289,2025-02-26,ACC-2099,Reyes Co,Pro,13,1287,450.45,APAC
SUB-41290,2025-02-13,ACC-2044,Rossi Co,Pro,8,792,277.2,Europe
SUB-41291,2025-02-25,ACC-2070,Kim Co,Pro,17,1683,589.05,APAC
SUB-41292,2025-02-07,ACC-2067,Patel Group,Business,4,996,348.6,APAC
SUB-41293,2025-02-10,ACC-2013,Kim Co,Starter,1,29,10.15,LATAM
SUB-41294,2025-02-15,ACC-2017,Haddad Co,Starter,18,522,182.7,North America
SUB-41295,2025-02-07,ACC-2030,Kim Inc,Pro,6,594,207.9,North America
SUB-41296,2025-02-25,ACC-2069,Reyes Group,Starter,8,232,81.2,North America
SUB-41297,2025-03-22,ACC-2104,Cohen Labs,Enterprise,4,3196,1118.6,Europe
SUB-41298,2025-03-06,ACC-2034,Okafor Digital,Enterprise,19,15181,5313.35,Europe
SUB-41299,2025-03-19,ACC-2043,Kim Labs,Enterprise,11,8789,3076.15,North America
SUB-41300,2025-03-15,ACC-2057,Patel Digital,Business,10,2490,871.5,Europe
SUB-41301,2025-03-14,ACC-2024,Silva Co,Pro,12,1188,415.8,North America
SUB-41302,2025-03-10,ACC-2115,Haddad Digital,Enterprise,19,15181,5313.35,Europe
SUB-41303,2025-03-01,ACC-2049,Okafor Systems,Pro,9,891,311.85,LATAM
SUB-41304,2025-03-25,ACC-2007,Silva Labs,Starter,9,261,91.35,North America
SUB-41305,2025-03-21,ACC-2044,Rossi Co,Business,19,4731,1655.85,North America
SUB-41306,2025-03-10,ACC-2107,Okafor Group,Pro,8,792,277.2,LATAM
SUB-41307,2025-03-13,ACC-2036,Okafor Inc,Enterprise,20,15980,5593,North America
SUB-41308,2025-03-21,ACC-2105,Nguyen Co,Business,9,2241,784.35,Europe
SUB-41309,2025-03-10,ACC-2058,Haddad Group,Pro,2,198,69.3,LATAM
SUB-41310,2025-03-01,ACC-2025,Silva Group,Enterprise,5,3995,1398.25,LATAM
SUB-41311,2025-03-17,ACC-2076,Cohen Group,Starter,13,377,131.95,LATAM
SUB-41312,2025-03-10,ACC-2000,Reyes Group,Pro,1,99,34.65,North America
SUB-41313,2025-03-19,ACC-2116,Brooks Inc,Pro,15,1485,519.75,LATAM
SUB-41314,2025-03-09,ACC-2045,Cohen Systems,Enterprise,14,11186,3915.1,Europe
SUB-41315,2025-03-27,ACC-2063,Silva Systems,Starter,12,348,121.8,LATAM
SUB-41316,2025-03-23,ACC-2107,Okafor Group,Business,11,2739,958.65,Europe
SUB-41317,2025-03-23,ACC-2100,Silva Group,Enterprise,20,15980,5593,LATAM
SUB-41318,2025-03-17,ACC-2015,Haddad Inc,Business,20,4980,1743,Europe
SUB-41319,2025-03-19,ACC-2010,Cohen Group,Starter,14,406,142.1,North America
SUB-41320,2025-03-15,ACC-2069,Reyes Group,Business,5,1245,435.75,Europe
SUB-41321,2025-03-22,ACC-2119,Cohen Systems,Pro,1,99,34.65,North America
SUB-41322,2025-03-02,ACC-2094,Reyes Group,Enterprise,17,13583,4754.05,LATAM
SUB-41323,2025-03-25,ACC-2032,Silva Labs,Pro,2,198,69.3,LATAM
SUB-41324,2025-03-22,ACC-2030,Kim Inc,Starter,15,435,152.25,North America
SUB-41325,2025-03-19,ACC-2070,Kim Co,Enterprise,13,10387,3635.45,North America
SUB-41326,2025-03-03,ACC-2089,Garcia Digital,Business,1,249,87.15,APAC
SUB-41327,2025-03-03,ACC-2012,Okafor Group,Starter,3,87,30.45,APAC
SUB-41328,2025-03-03,ACC-2094,Reyes Group,Pro,9,891,311.85,North America
SUB-41329,2025-03-13,ACC-2040,Cohen Co,Starter,8,232,81.2,APAC
SUB-41330,2025-03-25,ACC-2077,Reyes Co,Starter,20,580,203,APAC
SUB-41331,2025-03-17,ACC-2114,Haddad Labs,Business,20,4980,1743,North America
SUB-41332,2025-03-14,ACC-2076,Cohen Group,Starter,10,290,101.5,LATAM
SUB-41333,2025-03-05,ACC-2059,Haddad Group,Business,1,249,87.15,APAC
SUB-41334,2025-03-22,ACC-2062,Brooks Co,Starter,16,464,162.4,Europe
SUB-41335,2025-03-03,ACC-2062,Brooks Co,Starter,7,203,71.05,APAC
SUB-41336,2025-03-16,ACC-2116,Brooks Inc,Enterprise,6,4794,1677.9,APAC
SUB-41337,2025-03-07,ACC-2060,Reyes Co,Business,7,1743,610.05,LATAM
SUB-41338,2025-03-13,ACC-2081,Haddad Group,Starter,7,203,71.05,LATAM
SUB-41339,2025-03-20,ACC-2025,Silva Group,Enterprise,3,2397,838.95,APAC
SUB-41340,2025-03-03,ACC-2103,Silva Labs,Enterprise,20,15980,5593,LATAM
SUB-41341,2025-03-04,ACC-2073,Haddad Inc,Enterprise,18,14382,5033.7,LATAM
SUB-41342,2025-03-24,ACC-2020,Cohen Inc,Starter,9,261,91.35,LATAM
SUB-41343,2025-03-21,ACC-2078,Brooks Labs,Enterprise,20,15980,5593,Europe
SUB-41344,2025-03-25,ACC-2077,Reyes Co,Business,7,1743,610.05,APAC
SUB-41345,2025-03-03,ACC-2015,Haddad Inc,Business,7,1743,610.05,North America
SUB-41346,2025-03-11,ACC-2029,Nguyen Inc,Starter,11,319,111.65,APAC
SUB-41347,2025-03-24,ACC-2087,Cohen Systems,Starter,7,203,71.05,North America
SUB-41348,2025-03-22,ACC-2099,Reyes Co,Enterprise,3,2397,838.95,LATAM
SUB-41349,2025-03-04,ACC-2119,Cohen Systems,Enterprise,5,3995,1398.25,LATAM
SUB-41350,2025-03-22,ACC-2061,Brooks Inc,Pro,12,1188,415.8,Europe
SUB-41351,2025-03-06,ACC-2118,Tanaka Co,Business,19,4731,1655.85,APAC
SUB-41352,2025-03-19,ACC-2100,Silva Group,Enterprise,12,9588,3355.8,LATAM
SUB-41353,2025-03-18,ACC-2114,Haddad Labs,Pro,6,594,207.9,Europe
SUB-41354,2025-03-15,ACC-2037,Okafor Group,Business,12,2988,1045.8,LATAM
SUB-41355,2025-03-03,ACC-2062,Brooks Co,Enterprise,9,7191,2516.85,Europe
SUB-41356,2025-03-07,ACC-2024,Silva Co,Enterprise,10,7990,2796.5,Europe
SUB-41357,2025-03-22,ACC-2023,Garcia Systems,Business,16,3984,1394.4,North America
SUB-41358,2025-03-15,ACC-2116,Brooks Inc,Starter,17,493,172.55,Europe
SUB-41359,2025-03-12,ACC-2061,Brooks Inc,Business,2,498,174.3,North America
SUB-41360,2025-03-19,ACC-2017,Haddad Co,Pro,2,198,69.3,Europe
SUB-41361,2025-03-27,ACC-2113,Patel Labs,Starter,4,116,40.6,LATAM
SUB-41362,2025-03-11,ACC-2003,Okafor Systems,Pro,4,396,138.6,LATAM
SUB-41363,2025-03-15,ACC-2021,Patel Group,Starter,1,29,10.15,North America
SUB-41364,2025-03-26,ACC-2026,Kim Digital,Starter,15,435,152.25,LATAM
SUB-41365,2025-03-10,ACC-2063,Silva Systems,Pro,9,891,311.85,LATAM
SUB-41366,2025-03-04,ACC-2070,Kim Co,Enterprise,7,5593,1957.55,APAC
SUB-41367,2025-03-05,ACC-2069,Reyes Group,Starter,8,232,81.2,North America
SUB-41368,2025-03-27,ACC-2094,Reyes Group,Starter,12,348,121.8,Europe
SUB-41369,2025-03-26,ACC-2064,Okafor Inc,Pro,18,1782,623.7,Europe
SUB-41370,2025-03-13,ACC-2036,Okafor Inc,Pro,6,594,207.9,LATAM
SUB-41371,2025-03-22,ACC-2117,Patel Group,Pro,18,1782,623.7,North America
SUB-41372,2025-03-14,ACC-2069,Reyes Group,Enterprise,2,1598,559.3,North America
SUB-41373,2025-03-09,ACC-2011,Reyes Labs,Enterprise,3,2397,838.95,APAC
SUB-41374,2025-03-05,ACC-2061,Brooks Inc,Starter,11,319,111.65,APAC
SUB-41375,2025-03-16,ACC-2076,Cohen Group,Starter,18,522,182.7,LATAM
SUB-41376,2025-03-12,ACC-2001,Cohen Digital,Starter,9,261,91.35,Europe
SUB-41377,2025-03-05,ACC-2100,Silva Group,Business,20,4980,1743,LATAM
SUB-41378,2025-03-18,ACC-2100,Silva Group,Enterprise,3,2397,838.95,Europe
SUB-41379,2025-03-06,ACC-2072,Nguyen Group,Business,11,2739,958.65,Europe
SUB-41380,2025-03-02,ACC-2029,Nguyen Inc,Pro,4,396,138.6,Europe
SUB-41381,2025-03-27,ACC-2040,Cohen Co,Business,6,1494,522.9,Europe
SUB-41382,2025-03-16,ACC-2105,Nguyen Co,Enterprise,13,10387,3635.45,North America
SUB-41383,2025-03-11,ACC-2116,Brooks Inc,Starter,20,580,203,LATAM
SUB-41384,2025-03-23,ACC-2080,Rossi Labs,Pro,7,693,242.55,APAC
SUB-41385,2025-03-15,ACC-2011,Reyes Labs,Business,11,2739,958.65,Europe
SUB-41386,2025-03-07,ACC-2078,Brooks Labs,Pro,19,1881,658.35,North America
SUB-41387,2025-03-14,ACC-2046,Okafor Group,Enterprise,9,7191,2516.85,APAC
SUB-41388,2025-03-25,ACC-2118,Tanaka Co,Business,17,4233,1481.55,APAC
SUB-41389,2025-03-16,ACC-2078,Brooks Labs,Enterprise,3,2397,838.95,North America
SUB-41390,2025-03-19,ACC-2005,Kim Inc,Pro,4,396,138.6,LATAM
SUB-41391,2025-03-12,ACC-2111,Nguyen Group,Pro,10,990,346.5,Europe
SUB-41392,2025-03-26,ACC-2020,Cohen Inc,Pro,2,198,69.3,Europe
SUB-41393,2025-03-14,ACC-2042,Silva Inc,Enterprise,7,5593,1957.55,Europe
SUB-41394,2025-03-18,ACC-2029,Nguyen Inc,Business,17,4233,1481.55,Europe
SUB-41395,2025-03-14,ACC-2033,Reyes Group,Enterprise,14,11186,3915.1,Europe
SUB-41396,2025-03-22,ACC-2115,Haddad Digital,Business,2,498,174.3,LATAM
SUB-41397,2025-03-15,ACC-2098,Haddad Group,Starter,9,261,91.35,APAC
SUB-41398,2025-03-12,ACC-2058,Haddad Group,Enterprise,5,3995,1398.25,LATAM
SUB-41399,2025-03-22,ACC-2010,Cohen Group,Enterprise,14,11186,3915.1,North America
SUB-41400,2025-03-19,ACC-2059,Haddad Group,Business,13,3237,1132.95,Europe
SUB-41401,2025-03-06,ACC-2050,Tanaka Digital,Enterprise,8,6392,2237.2,LATAM
SUB-41402,2025-03-20,ACC-2049,Okafor Systems,Business,8,1992,697.2,LATAM
SUB-41403,2025-03-26,ACC-2117,Patel Group,Starter,14,406,142.1,LATAM
SUB-41404,2025-03-14,ACC-2099,Reyes Co,Starter,17,493,172.55,APAC
SUB-41405,2025-04-18,ACC-2056,Silva Group,Enterprise,17,13583,4754.05,North America
SUB-41406,2025-04-08,ACC-2106,Tanaka Systems,Pro,7,693,242.55,LATAM
SUB-41407,2025-04-01,ACC-2118,Tanaka Co,Enterprise,7,5593,1957.55,APAC
SUB-41408,2025-04-22,ACC-2085,Haddad Group,Business,10,2490,871.5,APAC
SUB-41409,2025-04-18,ACC-2008,Kim Systems,Starter,9,261,91.35,LATAM
SUB-41410,2025-04-03,ACC-2082,Okafor Digital,Enterprise,9,7191,2516.85,North America
SUB-41411,2025-04-02,ACC-2070,Kim Co,Enterprise,18,14382,5033.7,LATAM
SUB-41412,2025-04-03,ACC-2113,Patel Labs,Enterprise,1,799,279.65,Europe
SUB-41413,2025-04-16,ACC-2107,Okafor Group,Starter,3,87,30.45,LATAM
SUB-41414,2025-04-05,ACC-2076,Cohen Group,Business,12,2988,1045.8,LATAM
SUB-41415,2025-04-13,ACC-2068,Kim Inc,Pro,3,297,103.95,Europe
SUB-41416,2025-04-14,ACC-2012,Okafor Group,Starter,14,406,142.1,LATAM
SUB-41417,2025-04-15,ACC-2011,Reyes Labs,Enterprise,13,10387,3635.45,LATAM
SUB-41418,2025-04-01,ACC-2105,Nguyen Co,Pro,20,1980,693,North America
SUB-41419,2025-04-23,ACC-2072,Nguyen Group,Enterprise,10,7990,2796.5,Europe
SUB-41420,2025-04-19,ACC-2029,Nguyen Inc,Pro,15,1485,519.75,North America
SUB-41421,2025-04-18,ACC-2100,Silva Group,Starter,12,348,121.8,Europe
SUB-41422,2025-04-02,ACC-2079,Haddad Systems,Enterprise,2,1598,559.3,Europe
SUB-41423,2025-04-08,ACC-2054,Kim Co,Business,17,4233,1481.55,LATAM
SUB-41424,2025-04-27,ACC-2030,Kim Inc,Pro,1,99,34.65,LATAM
SUB-41425,2025-04-14,ACC-2036,Okafor Inc,Starter,11,319,111.65,APAC
SUB-41426,2025-04-08,ACC-2084,Silva Digital,Pro,9,891,311.85,APAC
SUB-41427,2025-04-24,ACC-2074,Silva Digital,Pro,7,693,242.55,North America
SUB-41428,2025-04-13,ACC-2059,Haddad Group,Pro,11,1089,381.15,Europe
SUB-41429,2025-04-08,ACC-2028,Rossi Labs,Enterprise,1,799,279.65,North America
SUB-41430,2025-04-14,ACC-2050,Tanaka Digital,Enterprise,15,11985,4194.75,LATAM
SUB-41431,2025-04-22,ACC-2015,Haddad Inc,Starter,7,203,71.05,Europe
SUB-41432,2025-04-13,ACC-2109,Okafor Co,Pro,9,891,311.85,APAC
SUB-41433,2025-04-26,ACC-2016,Kim Group,Business,17,4233,1481.55,LATAM
SUB-41434,2025-04-27,ACC-2080,Rossi Labs,Starter,2,58,20.3,APAC
SUB-41435,2025-04-15,ACC-2082,Okafor Digital,Business,3,747,261.45,LATAM
SUB-41436,2025-04-13,ACC-2012,Okafor Group,Starter,7,203,71.05,APAC
SUB-41437,2025-04-24,ACC-2052,Rossi Digital,Enterprise,4,3196,1118.6,Europe
SUB-41438,2025-04-07,ACC-2117,Patel Group,Business,14,3486,1220.1,Europe
SUB-41439,2025-04-03,ACC-2106,Tanaka Systems,Starter,3,87,30.45,APAC
SUB-41440,2025-04-06,ACC-2091,Cohen Group,Enterprise,20,15980,5593,APAC
SUB-41441,2025-04-23,ACC-2020,Cohen Inc,Business,20,4980,1743,APAC
SUB-41442,2025-04-22,ACC-2000,Reyes Group,Pro,5,495,173.25,Europe
SUB-41443,2025-04-14,ACC-2029,Nguyen Inc,Pro,4,396,138.6,Europe
SUB-41444,2025-04-09,ACC-2003,Okafor Systems,Starter,10,290,101.5,LATAM
SUB-41445,2025-04-12,ACC-2046,Okafor Group,Business,10,2490,871.5,Europe
SUB-41446,2025-04-20,ACC-2047,Rossi Labs,Enterprise,3,2397,838.95,LATAM
SUB-41447,2025-04-14,ACC-2099,Reyes Co,Starter,20,580,203,APAC
SUB-41448,2025-04-25,ACC-2074,Silva Digital,Business,20,4980,1743,Europe
SUB-41449,2025-04-25,ACC-2003,Okafor Systems,Enterprise,19,15181,5313.35,North America
SUB-41450,2025-04-19,ACC-2024,Silva Co,Business,10,2490,871.5,Europe
SUB-41451,2025-04-15,ACC-2026,Kim Digital,Pro,5,495,173.25,APAC
SUB-41452,2025-04-27,ACC-2028,Rossi Labs,Starter,17,493,172.55,North America
SUB-41453,2025-04-04,ACC-2006,Silva Inc,Pro,3,297,103.95,North America
SUB-41454,2025-04-10,ACC-2064,Okafor Inc,Enterprise,12,9588,3355.8,LATAM
SUB-41455,2025-04-09,ACC-2116,Brooks Inc,Starter,2,58,20.3,North America
SUB-41456,2025-04-24,ACC-2016,Kim Group,Business,17,4233,1481.55,Europe
SUB-41457,2025-04-05,ACC-2032,Silva Labs,Starter,18,522,182.7,APAC
SUB-41458,2025-04-23,ACC-2068,Kim Inc,Starter,15,435,152.25,LATAM
SUB-41459,2025-04-17,ACC-2053,Tanaka Systems,Business,8,1992,697.2,Europe
SUB-41460,2025-04-12,ACC-2093,Garcia Systems,Starter,12,348,121.8,APAC
SUB-41461,2025-04-01,ACC-2056,Silva Group,Starter,5,145,50.75,APAC
SUB-41462,2025-04-02,ACC-2082,Okafor Digital,Business,10,2490,871.5,North America
SUB-41463,2025-04-13,ACC-2103,Silva Labs,Enterprise,5,3995,1398.25,APAC
SUB-41464,2025-04-05,ACC-2028,Rossi Labs,Starter,20,580,203,Europe
SUB-41465,2025-04-04,ACC-2041,Kim Inc,Enterprise,5,3995,1398.25,APAC
SUB-41466,2025-04-01,ACC-2003,Okafor Systems,Starter,17,493,172.55,LATAM
SUB-41467,2025-04-23,ACC-2070,Kim Co,Pro,13,1287,450.45,North America
SUB-41468,2025-04-24,ACC-2117,Patel Group,Pro,7,693,242.55,LATAM
SUB-41469,2025-04-09,ACC-2116,Brooks Inc,Pro,14,1386,485.1,APAC
SUB-41470,2025-04-09,ACC-2108,Kim Co,Enterprise,5,3995,1398.25,Europe
SUB-41471,2025-04-07,ACC-2009,Brooks Co,Starter,14,406,142.1,LATAM
SUB-41472,2025-04-15,ACC-2065,Patel Group,Enterprise,17,13583,4754.05,LATAM
SUB-41473,2025-04-06,ACC-2045,Cohen Systems,Enterprise,2,1598,559.3,APAC
SUB-41474,2025-04-19,ACC-2015,Haddad Inc,Starter,6,174,60.9,Europe
SUB-41475,2025-04-19,ACC-2063,Silva Systems,Business,15,3735,1307.25,APAC
SUB-41476,2025-04-13,ACC-2069,Reyes Group,Pro,17,1683,589.05,North America
SUB-41477,2025-04-23,ACC-2080,Rossi Labs,Enterprise,5,3995,1398.25,APAC
SUB-41478,2025-04-24,ACC-2059,Haddad Group,Business,1,249,87.15,North America
SUB-41479,2025-04-23,ACC-2008,Kim Systems,Starter,18,522,182.7,LATAM
SUB-41480,2025-04-05,ACC-2101,Garcia Digital,Starter,7,203,71.05,LATAM
SUB-41481,2025-04-19,ACC-2080,Rossi Labs,Starter,3,87,30.45,Europe
SUB-41482,2025-04-15,ACC-2077,Reyes Co,Pro,18,1782,623.7,North America
SUB-41483,2025-04-25,ACC-2004,Silva Digital,Starter,15,435,152.25,APAC
SUB-41484,2025-04-26,ACC-2101,Garcia Digital,Business,11,2739,958.65,Europe
SUB-41485,2025-04-22,ACC-2066,Kim Co,Enterprise,15,11985,4194.75,APAC
SUB-41486,2025-04-15,ACC-2073,Haddad Inc,Starter,4,116,40.6,APAC
SUB-41487,2025-04-04,ACC-2098,Haddad Group,Pro,9,891,311.85,Europe
SUB-41488,2025-04-03,ACC-2112,Tanaka Group,Pro,10,990,346.5,North America
SUB-41489,2025-04-11,ACC-2098,Haddad Group,Enterprise,13,10387,3635.45,Europe
SUB-41490,2025-04-17,ACC-2075,Brooks Group,Pro,10,990,346.5,LATAM
SUB-41491,2025-04-20,ACC-2045,Cohen Systems,Pro,5,495,173.25,Europe
SUB-41492,2025-04-26,ACC-2046,Okafor Group,Pro,12,1188,415.8,APAC
SUB-41493,2025-04-06,ACC-2062,Brooks Co,Business,8,1992,697.2,APAC
SUB-41494,2025-04-21,ACC-2063,Silva Systems,Enterprise,18,14382,5033.7,Europe
SUB-41495,2025-04-16,ACC-2035,Kim Systems,Enterprise,6,4794,1677.9,APAC
SUB-41496,2025-04-05,ACC-2001,Cohen Digital,Business,5,1245,435.75,APAC
SUB-41497,2025-04-21,ACC-2094,Reyes Group,Pro,19,1881,658.35,LATAM
SUB-41498,2025-04-06,ACC-2029,Nguyen Inc,Enterprise,14,11186,3915.1,Europe
SUB-41499,2025-04-24,ACC-2077,Reyes Co,Starter,7,203,71.05,Europe
SUB-41500,2025-04-26,ACC-2101,Garcia Digital,Enterprise,12,9588,3355.8,Europe
SUB-41501,2025-04-13,ACC-2008,Kim Systems,Starter,3,87,30.45,North America
SUB-41502,2025-04-26,ACC-2077,Reyes Co,Starter,20,580,203,North America
SUB-41503,2025-04-27,ACC-2112,Tanaka Group,Pro,18,1782,623.7,LATAM
SUB-41504,2025-04-09,ACC-2004,Silva Digital,Pro,16,1584,554.4,APAC
SUB-41505,2025-04-15,ACC-2100,Silva Group,Starter,5,145,50.75,North America
SUB-41506,2025-04-18,ACC-2087,Cohen Systems,Starter,7,203,71.05,Europe
SUB-41507,2025-04-04,ACC-2114,Haddad Labs,Pro,3,297,103.95,North America
SUB-41508,2025-04-26,ACC-2046,Okafor Group,Starter,9,261,91.35,North America
SUB-41509,2025-04-12,ACC-2117,Patel Group,Starter,5,145,50.75,North America
SUB-41510,2025-04-02,ACC-2046,Okafor Group,Pro,5,495,173.25,LATAM
SUB-41511,2025-04-15,ACC-2067,Patel Group,Business,16,3984,1394.4,Europe
SUB-41512,2025-04-06,ACC-2068,Kim Inc,Starter,9,261,91.35,APAC
SUB-41513,2025-04-06,ACC-2064,Okafor Inc,Pro,3,297,103.95,North America
SUB-41514,2025-04-21,ACC-2087,Cohen Systems,Starter,12,348,121.8,North America
SUB-41515,2025-04-22,ACC-2055,Garcia Co,Pro,10,990,346.5,APAC
SUB-41516,2025-04-20,ACC-2118,Tanaka Co,Starter,19,551,192.85,Europe
SUB-41517,2025-04-16,ACC-2062,Brooks Co,Business,7,1743,610.05,LATAM
SUB-41518,2025-04-10,ACC-2072,Nguyen Group,Starter,7,203,71.05,Europe
SUB-41519,2025-04-20,ACC-2012,Okafor Group,Starter,10,290,101.5,North America
SUB-41520,2025-04-08,ACC-2018,Reyes Group,Business,16,3984,1394.4,APAC
SUB-41521,2025-04-07,ACC-2020,Cohen Inc,Starter,17,493,172.55,Europe
SUB-41522,2025-04-21,ACC-2003,Okafor Systems,Starter,7,203,71.05,LATAM
SUB-41523,2025-04-12,ACC-2114,Haddad Labs,Enterprise,18,14382,5033.7,Europe
SUB-41524,2025-04-23,ACC-2091,Cohen Group,Enterprise,11,8789,3076.15,APAC
SUB-41525,2025-04-24,ACC-2054,Kim Co,Starter,11,319,111.65,LATAM
SUB-41526,2025-04-02,ACC-2098,Haddad Group,Enterprise,8,6392,2237.2,LATAM
SUB-41527,2025-04-21,ACC-2097,Haddad Labs,Pro,10,990,346.5,LATAM
SUB-41528,2025-04-19,ACC-2060,Reyes Co,Starter,13,377,131.95,APAC
SUB-41529,2025-04-22,ACC-2042,Silva Inc,Starter,9,261,91.35,Europe
SUB-41530,2025-04-22,ACC-2103,Silva Labs,Pro,10,990,346.5,LATAM
SUB-41531,2025-04-22,ACC-2024,Silva Co,Pro,5,495,173.25,Europe
SUB-41532,2025-04-21,ACC-2107,Okafor Group,Starter,16,464,162.4,Europe
SUB-41533,2025-04-10,ACC-2085,Haddad Group,Enterprise,6,4794,1677.9,LATAM
SUB-41534,2025-04-23,ACC-2110,Okafor Labs,Enterprise,6,4794,1677.9,APAC
SUB-41535,2025-04-05,ACC-2047,Rossi Labs,Enterprise,12,9588,3355.8,North America
SUB-41536,2025-04-07,ACC-2097,Haddad Labs,Business,11,2739,958.65,LATAM
SUB-41537,2025-04-01,ACC-2020,Cohen Inc,Starter,9,261,91.35,LATAM
SUB-41538,2025-04-04,ACC-2036,Okafor Inc,Business,2,498,174.3,Europe
SUB-41539,2025-04-14,ACC-2114,Haddad Labs,Enterprise,9,7191,2516.85,Europe
SUB-41540,2025-04-20,ACC-2083,Silva Co,Enterprise,2,1598,559.3,North America
SUB-41541,2025-04-05,ACC-2025,Silva Group,Pro,7,693,242.55,LATAM
SUB-41542,2025-05-10,ACC-2056,Silva Group,Starter,18,522,182.7,LATAM
SUB-41543,2025-05-10,ACC-2079,Haddad Systems,Starter,17,493,172.55,North America
SUB-41544,2025-05-26,ACC-2021,Patel Group,Starter,13,377,131.95,North America
SUB-41545,2025-05-02,ACC-2044,Rossi Co,Pro,1,99,34.65,LATAM
SUB-41546,2025-05-12,ACC-2041,Kim Inc,Business,16,3984,1394.4,North America
SUB-41547,2025-05-22,ACC-2002,Haddad Group,Business,18,4482,1568.7,Europe
SUB-41548,2025-05-27,ACC-2119,Cohen Systems,Pro,12,1188,415.8,North America
SUB-41549,2025-05-18,ACC-2025,Silva Group,Enterprise,20,15980,5593,APAC
SUB-41550,2025-05-11,ACC-2002,Haddad Group,Business,4,996,348.6,North America
SUB-41551,2025-05-25,ACC-2118,Tanaka Co,Starter,1,29,10.15,Europe
SUB-41552,2025-05-09,ACC-2012,Okafor Group,Enterprise,7,5593,1957.55,North America
SUB-41553,2025-05-18,ACC-2057,Patel Digital,Starter,18,522,182.7,LATAM
SUB-41554,2025-05-04,ACC-2082,Okafor Digital,Pro,19,1881,658.35,Europe
SUB-41555,2025-05-21,ACC-2054,Kim Co,Pro,9,891,311.85,North America
SUB-41556,2025-05-19,ACC-2113,Patel Labs,Starter,3,87,30.45,Europe
SUB-41557,2025-05-23,ACC-2043,Kim Labs,Pro,18,1782,623.7,APAC
SUB-41558,2025-05-22,ACC-2012,Okafor Group,Business,13,3237,1132.95,Europe
SUB-41559,2025-05-01,ACC-2079,Haddad Systems,Pro,5,495,173.25,Europe
SUB-41560,2025-05-21,ACC-2046,Okafor Group,Business,2,498,174.3,Europe
SUB-41561,2025-05-23,ACC-2004,Silva Digital,Business,3,747,261.45,LATAM
SUB-41562,2025-05-24,ACC-2007,Silva Labs,Enterprise,10,7990,2796.5,Europe
SUB-41563,2025-05-21,ACC-2107,Okafor Group,Pro,17,1683,589.05,LATAM
SUB-41564,2025-05-04,ACC-2073,Haddad Inc,Enterprise,6,4794,1677.9,APAC
SUB-41565,2025-05-27,ACC-2033,Reyes Group,Enterprise,19,15181,5313.35,LATAM
SUB-41566,2025-05-25,ACC-2075,Brooks Group,Pro,4,396,138.6,LATAM
SUB-41567,2025-05-27,ACC-2052,Rossi Digital,Enterprise,8,6392,2237.2,North America
SUB-41568,2025-05-09,ACC-2111,Nguyen Group,Enterprise,12,9588,3355.8,Europe
SUB-41569,2025-05-16,ACC-2048,Silva Inc,Starter,15,435,152.25,LATAM
SUB-41570,2025-05-18,ACC-2029,Nguyen Inc,Starter,18,522,182.7,North America
SUB-41571,2025-05-26,ACC-2039,Rossi Co,Enterprise,8,6392,2237.2,LATAM
SUB-41572,2025-05-20,ACC-2001,Cohen Digital,Business,5,1245,435.75,LATAM
SUB-41573,2025-05-16,ACC-2070,Kim Co,Business,14,3486,1220.1,APAC
SUB-41574,2025-05-07,ACC-2077,Reyes Co,Pro,6,594,207.9,LATAM
SUB-41575,2025-05-17,ACC-2065,Patel Group,Enterprise,9,7191,2516.85,APAC
SUB-41576,2025-05-21,ACC-2007,Silva Labs,Starter,6,174,60.9,APAC
SUB-41577,2025-05-05,ACC-2070,Kim Co,Business,8,1992,697.2,Europe
SUB-41578,2025-05-10,ACC-2057,Patel Digital,Starter,14,406,142.1,APAC
SUB-41579,2025-05-17,ACC-2113,Patel Labs,Pro,11,1089,381.15,Europe
SUB-41580,2025-05-25,ACC-2117,Patel Group,Pro,18,1782,623.7,North America
SUB-41581,2025-05-06,ACC-2042,Silva Inc,Pro,19,1881,658.35,APAC
SUB-41582,2025-05-14,ACC-2041,Kim Inc,Starter,6,174,60.9,APAC
SUB-41583,2025-05-10,ACC-2015,Haddad Inc,Business,4,996,348.6,North America
SUB-41584,2025-05-27,ACC-2015,Haddad Inc,Business,16,3984,1394.4,Europe
SUB-41585,2025-05-11,ACC-2093,Garcia Systems,Enterprise,13,10387,3635.45,LATAM
SUB-41586,2025-05-06,ACC-2112,Tanaka Group,Starter,10,290,101.5,North America
SUB-41587,2025-05-03,ACC-2057,Patel Digital,Enterprise,16,12784,4474.4,LATAM
SUB-41588,2025-05-09,ACC-2066,Kim Co,Starter,8,232,81.2,LATAM
SUB-41589,2025-05-25,ACC-2104,Cohen Labs,Enterprise,10,7990,2796.5,APAC
SUB-41590,2025-05-12,ACC-2098,Haddad Group,Pro,3,297,103.95,LATAM
SUB-41591,2025-05-11,ACC-2102,Haddad Inc,Enterprise,5,3995,1398.25,LATAM
SUB-41592,2025-05-21,ACC-2113,Patel Labs,Starter,3,87,30.45,APAC
SUB-41593,2025-05-08,ACC-2075,Brooks Group,Business,17,4233,1481.55,Europe
SUB-41594,2025-05-10,ACC-2057,Patel Digital,Enterprise,9,7191,2516.85,North America
SUB-41595,2025-05-10,ACC-2054,Kim Co,Business,1,249,87.15,LATAM
SUB-41596,2025-05-01,ACC-2015,Haddad Inc,Business,16,3984,1394.4,North America
SUB-41597,2025-05-09,ACC-2043,Kim Labs,Business,20,4980,1743,Europe
SUB-41598,2025-05-24,ACC-2029,Nguyen Inc,Business,11,2739,958.65,LATAM
SUB-41599,2025-05-25,ACC-2045,Cohen Systems,Enterprise,19,15181,5313.35,Europe
SUB-41600,2025-05-20,ACC-2083,Silva Co,Enterprise,6,4794,1677.9,APAC
SUB-41601,2025-05-24,ACC-2094,Reyes Group,Pro,11,1089,381.15,Europe
SUB-41602,2025-05-15,ACC-2097,Haddad Labs,Business,1,249,87.15,Europe
SUB-41603,2025-05-06,ACC-2119,Cohen Systems,Business,10,2490,871.5,North America
SUB-41604,2025-05-04,ACC-2087,Cohen Systems,Enterprise,13,10387,3635.45,North America
SUB-41605,2025-05-05,ACC-2106,Tanaka Systems,Business,10,2490,871.5,APAC
SUB-41606,2025-05-21,ACC-2053,Tanaka Systems,Enterprise,16,12784,4474.4,Europe
SUB-41607,2025-05-11,ACC-2069,Reyes Group,Pro,5,495,173.25,LATAM
SUB-41608,2025-05-15,ACC-2019,Haddad Co,Pro,9,891,311.85,APAC
SUB-41609,2025-05-06,ACC-2107,Okafor Group,Pro,7,693,242.55,LATAM
SUB-41610,2025-05-13,ACC-2045,Cohen Systems,Business,12,2988,1045.8,North America
SUB-41611,2025-05-14,ACC-2043,Kim Labs,Business,14,3486,1220.1,LATAM
SUB-41612,2025-05-21,ACC-2018,Reyes Group,Business,10,2490,871.5,North America
SUB-41613,2025-05-10,ACC-2025,Silva Group,Pro,11,1089,381.15,North America
SUB-41614,2025-05-27,ACC-2077,Reyes Co,Starter,12,348,121.8,LATAM
SUB-41615,2025-05-08,ACC-2096,Haddad Inc,Enterprise,19,15181,5313.35,APAC
SUB-41616,2025-05-05,ACC-2012,Okafor Group,Pro,13,1287,450.45,LATAM
SUB-41617,2025-05-02,ACC-2025,Silva Group,Starter,4,116,40.6,North America
SUB-41618,2025-05-21,ACC-2090,Okafor Co,Enterprise,14,11186,3915.1,Europe
SUB-41619,2025-05-04,ACC-2052,Rossi Digital,Pro,17,1683,589.05,LATAM
SUB-41620,2025-05-25,ACC-2021,Patel Group,Business,7,1743,610.05,LATAM
SUB-41621,2025-05-18,ACC-2040,Cohen Co,Starter,1,29,10.15,North America
SUB-41622,2025-05-17,ACC-2057,Patel Digital,Business,3,747,261.45,Europe
SUB-41623,2025-05-05,ACC-2047,Rossi Labs,Business,7,1743,610.05,APAC
SUB-41624,2025-05-21,ACC-2106,Tanaka Systems,Enterprise,8,6392,2237.2,APAC
SUB-41625,2025-05-25,ACC-2036,Okafor Inc,Pro,8,792,277.2,Europe
SUB-41626,2025-05-12,ACC-2104,Cohen Labs,Enterprise,4,3196,1118.6,LATAM
SUB-41627,2025-05-07,ACC-2060,Reyes Co,Enterprise,1,799,279.65,North America
SUB-41628,2025-05-18,ACC-2086,Brooks Inc,Starter,10,290,101.5,North America
SUB-41629,2025-05-21,ACC-2074,Silva Digital,Enterprise,16,12784,4474.4,Europe
SUB-41630,2025-05-08,ACC-2022,Rossi Labs,Enterprise,10,7990,2796.5,Europe
SUB-41631,2025-05-25,ACC-2089,Garcia Digital,Business,2,498,174.3,APAC
SUB-41632,2025-05-05,ACC-2055,Garcia Co,Starter,5,145,50.75,APAC
SUB-41633,2025-05-24,ACC-2057,Patel Digital,Pro,18,1782,623.7,Europe
SUB-41634,2025-05-21,ACC-2053,Tanaka Systems,Business,18,4482,1568.7,APAC
SUB-41635,2025-05-18,ACC-2038,Kim Labs,Enterprise,14,11186,3915.1,Europe
SUB-41636,2025-05-26,ACC-2026,Kim Digital,Business,17,4233,1481.55,LATAM
SUB-41637,2025-05-11,ACC-2088,Tanaka Labs,Starter,6,174,60.9,LATAM
SUB-41638,2025-05-04,ACC-2054,Kim Co,Business,8,1992,697.2,Europe
SUB-41639,2025-05-24,ACC-2105,Nguyen Co,Starter,6,174,60.9,LATAM
SUB-41640,2025-05-12,ACC-2068,Kim Inc,Pro,3,297,103.95,LATAM
SUB-41641,2025-05-12,ACC-2018,Reyes Group,Pro,19,1881,658.35,Europe
SUB-41642,2025-05-26,ACC-2069,Reyes Group,Starter,2,58,20.3,LATAM
SUB-41643,2025-05-11,ACC-2091,Cohen Group,Enterprise,4,3196,1118.6,LATAM
SUB-41644,2025-05-22,ACC-2117,Patel Group,Enterprise,1,799,279.65,LATAM
SUB-41645,2025-05-18,ACC-2109,Okafor Co,Starter,17,493,172.55,APAC
SUB-41646,2025-05-20,ACC-2013,Kim Co,Business,6,1494,522.9,APAC
SUB-41647,2025-05-13,ACC-2021,Patel Group,Business,19,4731,1655.85,APAC
SUB-41648,2025-05-14,ACC-2059,Haddad Group,Pro,1,99,34.65,LATAM
SUB-41649,2025-05-21,ACC-2049,Okafor Systems,Enterprise,3,2397,838.95,Europe
SUB-41650,2025-05-10,ACC-2019,Haddad Co,Pro,6,594,207.9,APAC
SUB-41651,2025-05-14,ACC-2001,Cohen Digital,Business,1,249,87.15,LATAM
SUB-41652,2025-05-15,ACC-2010,Cohen Group,Business,6,1494,522.9,North America
SUB-41653,2025-05-01,ACC-2009,Brooks Co,Starter,17,493,172.55,APAC
SUB-41654,2025-05-10,ACC-2012,Okafor Group,Starter,18,522,182.7,LATAM
SUB-41655,2025-05-19,ACC-2117,Patel Group,Enterprise,12,9588,3355.8,LATAM
SUB-41656,2025-05-27,ACC-2018,Reyes Group,Pro,14,1386,485.1,APAC
SUB-41657,2025-05-09,ACC-2091,Cohen Group,Enterprise,9,7191,2516.85,Europe
SUB-41658,2025-05-18,ACC-2027,Okafor Digital,Starter,8,232,81.2,Europe
SUB-41659,2025-05-21,ACC-2034,Okafor Digital,Pro,3,297,103.95,APAC
SUB-41660,2025-05-26,ACC-2077,Reyes Co,Business,19,4731,1655.85,APAC
SUB-41661,2025-05-19,ACC-2038,Kim Labs,Starter,18,522,182.7,North America
SUB-41662,2025-05-01,ACC-2119,Cohen Systems,Business,1,249,87.15,North America
SUB-41663,2025-05-21,ACC-2086,Brooks Inc,Enterprise,18,14382,5033.7,North America
SUB-41664,2025-05-07,ACC-2015,Haddad Inc,Pro,15,1485,519.75,APAC
SUB-41665,2025-05-16,ACC-2090,Okafor Co,Business,16,3984,1394.4,North America
SUB-41666,2025-05-11,ACC-2021,Patel Group,Pro,13,1287,450.45,APAC
SUB-41667,2025-05-08,ACC-2111,Nguyen Group,Business,17,4233,1481.55,LATAM
SUB-41668,2025-05-05,ACC-2029,Nguyen Inc,Enterprise,18,14382,5033.7,APAC
SUB-41669,2025-05-02,ACC-2038,Kim Labs,Pro,2,198,69.3,APAC
SUB-41670,2025-05-13,ACC-2098,Haddad Group,Business,2,498,174.3,Europe
SUB-41671,2025-05-15,ACC-2070,Kim Co,Pro,13,1287,450.45,Europe
SUB-41672,2025-05-27,ACC-2092,Tanaka Group,Starter,2,58,20.3,APAC
SUB-41673,2025-05-11,ACC-2034,Okafor Digital,Starter,14,406,142.1,Europe
SUB-41674,2025-05-05,ACC-2109,Okafor Co,Enterprise,16,12784,4474.4,LATAM
SUB-41675,2025-06-14,ACC-2096,Haddad Inc,Starter,1,29,10.15,LATAM
SUB-41676,2025-06-09,ACC-2005,Kim Inc,Enterprise,2,1598,559.3,North America
SUB-41677,2025-06-23,ACC-2048,Silva Inc,Enterprise,19,15181,5313.35,North America
SUB-41678,2025-06-09,ACC-2018,Reyes Group,Starter,14,406,142.1,APAC
SUB-41679,2025-06-11,ACC-2008,Kim Systems,Pro,17,1683,589.05,APAC
SUB-41680,2025-06-09,ACC-2062,Brooks Co,Enterprise,16,12784,4474.4,LATAM
SUB-41681,2025-06-23,ACC-2039,Rossi Co,Business,5,1245,435.75,LATAM
SUB-41682,2025-06-03,ACC-2113,Patel Labs,Starter,8,232,81.2,North America
SUB-41683,2025-06-14,ACC-2052,Rossi Digital,Starter,10,290,101.5,Europe
SUB-41684,2025-06-14,ACC-2091,Cohen Group,Business,9,2241,784.35,Europe
SUB-41685,2025-06-03,ACC-2043,Kim Labs,Business,18,4482,1568.7,Europe
SUB-41686,2025-06-19,ACC-2045,Cohen Systems,Enterprise,15,11985,4194.75,APAC
SUB-41687,2025-06-04,ACC-2069,Reyes Group,Starter,4,116,40.6,North America
SUB-41688,2025-06-15,ACC-2080,Rossi Labs,Enterprise,12,9588,3355.8,APAC
SUB-41689,2025-06-01,ACC-2064,Okafor Inc,Business,19,4731,1655.85,APAC
SUB-41690,2025-06-22,ACC-2013,Kim Co,Enterprise,10,7990,2796.5,Europe
SUB-41691,2025-06-15,ACC-2041,Kim Inc,Starter,18,522,182.7,Europe
SUB-41692,2025-06-03,ACC-2072,Nguyen Group,Pro,1,99,34.65,North America
SUB-41693,2025-06-26,ACC-2115,Haddad Digital,Starter,18,522,182.7,North America
SUB-41694,2025-06-13,ACC-2042,Silva Inc,Enterprise,4,3196,1118.6,LATAM
SUB-41695,2025-06-11,ACC-2040,Cohen Co,Enterprise,15,11985,4194.75,Europe
SUB-41696,2025-06-10,ACC-2063,Silva Systems,Business,10,2490,871.5,LATAM
SUB-41697,2025-06-14,ACC-2004,Silva Digital,Enterprise,4,3196,1118.6,North America
SUB-41698,2025-06-01,ACC-2000,Reyes Group,Business,3,747,261.45,North America
SUB-41699,2025-06-14,ACC-2117,Patel Group,Pro,6,594,207.9,Europe
SUB-41700,2025-06-08,ACC-2088,Tanaka Labs,Enterprise,12,9588,3355.8,North America
SUB-41701,2025-06-04,ACC-2074,Silva Digital,Starter,5,145,50.75,APAC
SUB-41702,2025-06-11,ACC-2080,Rossi Labs,Starter,12,348,121.8,North America
SUB-41703,2025-06-24,ACC-2119,Cohen Systems,Starter,5,145,50.75,LATAM
SUB-41704,2025-06-22,ACC-2030,Kim Inc,Pro,18,1782,623.7,Europe
SUB-41705,2025-06-19,ACC-2066,Kim Co,Pro,12,1188,415.8,LATAM
SUB-41706,2025-06-24,ACC-2115,Haddad Digital,Starter,10,290,101.5,APAC
SUB-41707,2025-06-25,ACC-2005,Kim Inc,Business,15,3735,1307.25,North America
SUB-41708,2025-06-22,ACC-2033,Reyes Group,Business,8,1992,697.2,LATAM
SUB-41709,2025-06-20,ACC-2020,Cohen Inc,Starter,20,580,203,Europe
SUB-41710,2025-06-22,ACC-2112,Tanaka Group,Pro,2,198,69.3,Europe
SUB-41711,2025-06-21,ACC-2075,Brooks Group,Business,8,1992,697.2,North America
SUB-41712,2025-06-24,ACC-2047,Rossi Labs,Enterprise,11,8789,3076.15,North America
SUB-41713,2025-06-19,ACC-2119,Cohen Systems,Starter,19,551,192.85,North America
SUB-41714,2025-06-25,ACC-2004,Silva Digital,Pro,9,891,311.85,North America
SUB-41715,2025-06-14,ACC-2094,Reyes Group,Business,17,4233,1481.55,LATAM
SUB-41716,2025-06-25,ACC-2010,Cohen Group,Pro,4,396,138.6,APAC
SUB-41717,2025-06-27,ACC-2084,Silva Digital,Business,10,2490,871.5,APAC
SUB-41718,2025-06-22,ACC-2004,Silva Digital,Starter,13,377,131.95,North America
SUB-41719,2025-06-04,ACC-2085,Haddad Group,Pro,5,495,173.25,APAC
SUB-41720,2025-06-10,ACC-2041,Kim Inc,Starter,10,290,101.5,APAC
SUB-41721,2025-06-21,ACC-2018,Reyes Group,Enterprise,18,14382,5033.7,North America
SUB-41722,2025-06-17,ACC-2009,Brooks Co,Starter,10,290,101.5,LATAM
SUB-41723,2025-06-17,ACC-2039,Rossi Co,Enterprise,11,8789,3076.15,LATAM
SUB-41724,2025-06-12,ACC-2054,Kim Co,Business,16,3984,1394.4,APAC
SUB-41725,2025-06-26,ACC-2080,Rossi Labs,Enterprise,5,3995,1398.25,APAC
SUB-41726,2025-06-16,ACC-2061,Brooks Inc,Starter,2,58,20.3,Europe
SUB-41727,2025-06-26,ACC-2092,Tanaka Group,Enterprise,11,8789,3076.15,APAC
SUB-41728,2025-06-27,ACC-2099,Reyes Co,Starter,4,116,40.6,Europe
SUB-41729,2025-06-11,ACC-2063,Silva Systems,Starter,3,87,30.45,Europe
SUB-41730,2025-06-15,ACC-2044,Rossi Co,Enterprise,19,15181,5313.35,LATAM
SUB-41731,2025-06-17,ACC-2017,Haddad Co,Enterprise,6,4794,1677.9,Europe
SUB-41732,2025-06-11,ACC-2070,Kim Co,Pro,7,693,242.55,APAC
SUB-41733,2025-06-22,ACC-2097,Haddad Labs,Starter,7,203,71.05,APAC
SUB-41734,2025-06-01,ACC-2057,Patel Digital,Enterprise,1,799,279.65,North America
SUB-41735,2025-06-05,ACC-2054,Kim Co,Pro,12,1188,415.8,Europe
SUB-41736,2025-06-21,ACC-2053,Tanaka Systems,Business,14,3486,1220.1,North America
SUB-41737,2025-06-08,ACC-2112,Tanaka Group,Pro,11,1089,381.15,North America
SUB-41738,2025-06-24,ACC-2118,Tanaka Co,Business,1,249,87.15,APAC
SUB-41739,2025-06-04,ACC-2079,Haddad Systems,Enterprise,10,7990,2796.5,Europe
SUB-41740,2025-06-21,ACC-2060,Reyes Co,Business,12,2988,1045.8,LATAM
SUB-41741,2025-06-06,ACC-2079,Haddad Systems,Enterprise,2,1598,559.3,APAC
SUB-41742,2025-06-11,ACC-2009,Brooks Co,Starter,4,116,40.6,North America
SUB-41743,2025-06-15,ACC-2074,Silva Digital,Enterprise,15,11985,4194.75,APAC
SUB-41744,2025-06-05,ACC-2030,Kim Inc,Starter,17,493,172.55,LATAM
SUB-41745,2025-06-05,ACC-2022,Rossi Labs,Enterprise,7,5593,1957.55,LATAM
SUB-41746,2025-06-11,ACC-2040,Cohen Co,Starter,13,377,131.95,LATAM
SUB-41747,2025-06-09,ACC-2040,Cohen Co,Pro,18,1782,623.7,Europe
SUB-41748,2025-06-13,ACC-2046,Okafor Group,Starter,14,406,142.1,LATAM
SUB-41749,2025-06-10,ACC-2014,Nguyen Co,Starter,4,116,40.6,LATAM
SUB-41750,2025-06-04,ACC-2089,Garcia Digital,Business,2,498,174.3,APAC
SUB-41751,2025-06-16,ACC-2104,Cohen Labs,Pro,3,297,103.95,APAC
SUB-41752,2025-06-19,ACC-2017,Haddad Co,Starter,17,493,172.55,LATAM
SUB-41753,2025-06-07,ACC-2009,Brooks Co,Enterprise,6,4794,1677.9,North America
SUB-41754,2025-06-08,ACC-2023,Garcia Systems,Starter,14,406,142.1,Europe
SUB-41755,2025-06-23,ACC-2045,Cohen Systems,Business,2,498,174.3,LATAM
SUB-41756,2025-06-22,ACC-2008,Kim Systems,Pro,9,891,311.85,Europe
SUB-41757,2025-06-16,ACC-2021,Patel Group,Business,16,3984,1394.4,LATAM
SUB-41758,2025-06-04,ACC-2028,Rossi Labs,Starter,3,87,30.45,LATAM
SUB-41759,2025-06-16,ACC-2005,Kim Inc,Enterprise,7,5593,1957.55,North America
SUB-41760,2025-06-23,ACC-2049,Okafor Systems,Business,8,1992,697.2,Europe
SUB-41761,2025-06-07,ACC-2026,Kim Digital,Enterprise,13,10387,3635.45,North America
SUB-41762,2025-06-01,ACC-2045,Cohen Systems,Starter,14,406,142.1,LATAM
SUB-41763,2025-06-13,ACC-2039,Rossi Co,Starter,5,145,50.75,Europe
SUB-41764,2025-06-06,ACC-2001,Cohen Digital,Business,18,4482,1568.7,APAC
SUB-41765,2025-06-18,ACC-2075,Brooks Group,Business,19,4731,1655.85,Europe
SUB-41766,2025-06-16,ACC-2074,Silva Digital,Starter,9,261,91.35,Europe
SUB-41767,2025-06-01,ACC-2039,Rossi Co,Enterprise,20,15980,5593,Europe
SUB-41768,2025-06-22,ACC-2104,Cohen Labs,Business,14,3486,1220.1,North America
SUB-41769,2025-06-09,ACC-2031,Tanaka Group,Pro,2,198,69.3,Europe
SUB-41770,2025-06-18,ACC-2017,Haddad Co,Pro,8,792,277.2,Europe
SUB-41771,2025-06-14,ACC-2018,Reyes Group,Pro,12,1188,415.8,North America
SUB-41772,2025-06-21,ACC-2032,Silva Labs,Enterprise,6,4794,1677.9,LATAM
SUB-41773,2025-06-14,ACC-2059,Haddad Group,Starter,19,551,192.85,Europe
SUB-41774,2025-06-09,ACC-2114,Haddad Labs,Enterprise,17,13583,4754.05,North America
SUB-41775,2025-06-15,ACC-2110,Okafor Labs,Pro,2,198,69.3,APAC
SUB-41776,2025-06-11,ACC-2035,Kim Systems,Starter,5,145,50.75,North America
SUB-41777,2025-06-05,ACC-2034,Okafor Digital,Business,4,996,348.6,APAC
SUB-41778,2025-06-02,ACC-2028,Rossi Labs,Business,15,3735,1307.25,LATAM
SUB-41779,2025-06-27,ACC-2011,Reyes Labs,Starter,2,58,20.3,APAC
SUB-41780,2025-06-02,ACC-2060,Reyes Co,Business,7,1743,610.05,LATAM
SUB-41781,2025-06-23,ACC-2016,Kim Group,Starter,8,232,81.2,Europe
SUB-41782,2025-06-01,ACC-2072,Nguyen Group,Starter,18,522,182.7,Europe
SUB-41783,2025-06-14,ACC-2083,Silva Co,Starter,8,232,81.2,APAC
SUB-41784,2025-06-08,ACC-2002,Haddad Group,Starter,3,87,30.45,Europe
SUB-41785,2025-06-19,ACC-2112,Tanaka Group,Enterprise,17,13583,4754.05,APAC
SUB-41786,2025-06-21,ACC-2109,Okafor Co,Business,12,2988,1045.8,LATAM
SUB-41787,2025-06-12,ACC-2060,Reyes Co,Enterprise,12,9588,3355.8,Europe
SUB-41788,2025-06-13,ACC-2112,Tanaka Group,Pro,5,495,173.25,North America
SUB-41789,2025-06-07,ACC-2105,Nguyen Co,Starter,14,406,142.1,APAC
SUB-41790,2025-06-09,ACC-2095,Kim Systems,Starter,1,29,10.15,Europe
SUB-41791,2025-06-13,ACC-2050,Tanaka Digital,Starter,11,319,111.65,North America
SUB-41792,2025-06-18,ACC-2106,Tanaka Systems,Business,7,1743,610.05,Europe
SUB-41793,2025-06-01,ACC-2040,Cohen Co,Enterprise,10,7990,2796.5,Europe
SUB-41794,2025-06-02,ACC-2024,Silva Co,Starter,9,261,91.35,LATAM
SUB-41795,2025-06-27,ACC-2116,Brooks Inc,Business,13,3237,1132.95,LATAM
SUB-41796,2025-06-13,ACC-2002,Haddad Group,Pro,18,1782,623.7,APAC
SUB-41797,2025-06-14,ACC-2085,Haddad Group,Business,7,1743,610.05,North America
SUB-41798,2025-06-05,ACC-2106,Tanaka Systems,Starter,3,87,30.45,APAC
SUB-41799,2025-06-03,ACC-2042,Silva Inc,Starter,7,203,71.05,North America
SUB-41800,2025-06-16,ACC-2015,Haddad Inc,Starter,5,145,50.75,Europe
SUB-41801,2025-06-09,ACC-2090,Okafor Co,Starter,10,290,101.5,LATAM
SUB-41802,2025-06-05,ACC-2056,Silva Group,Business,11,2739,958.65,North America
SUB-41803,2025-06-02,ACC-2020,Cohen Inc,Business,14,3486,1220.1,Europe
SUB-41804,2025-06-20,ACC-2116,Brooks Inc,Starter,15,435,152.25,APAC
SUB-41805,2025-06-21,ACC-2030,Kim Inc,Pro,5,495,173.25,APAC
SUB-41806,2025-06-06,ACC-2044,Rossi Co,Business,14,3486,1220.1,North America
SUB-41807,2025-06-18,ACC-2094,Reyes Group,Enterprise,3,2397,838.95,North America
SUB-41808,2025-06-21,ACC-2083,Silva Co,Pro,5,495,173.25,North America